wall_time_s,controller_clock_s,fault_code,armed,stop_request,policy_output_numeric,heartbeat,raw_candidate,statusword,controlword,drive_state_internal,mode_command,actual_torque_raw,ethercat_init,safe_command_raw,pre_integer_command_raw,pdo_command_int16_raw,mapping_error_raw,q_link_rad,dq_link_rad_s,theta_joint_rad,dtheta_joint_rad_s,external_target_rad,policy_target_rad
0.0219435,0,0,0,0,-124.287330627441,9,0,0,6,0,10,0,0,0,0,0,0,0,0,0,0,0,0
0.0477689,0,0,0,0,-122.797325134277,36,0,0,6,0,10,0,0,0,0,0,0,0,0,0,0,0,0
0.0726116,0,0,0,0,-40.6563110351563,62,0,0,6,0,10,0,0,0,0,0,0,0,0,0,0,0,0
0.0970422,0,0,0,0,-4.25667142868042,86,0,0,6,0,10,0,0,0,0,0,0,0,0,0,0,0,0
0.1282747,0,0,0,0,-0.64356529712677,114,0,0,6,0,10,0,0,0,0,0,0,0,0,0,0,0,0
0.1535499,0,0,0,0,-0.43328058719635,142,0,0,6,0,10,0,0,0,0,0,0,0,0,0,0,0,0
0.1801867,0,0,0,0,-0.4207364320755,168,0,0,6,0,10,0,0,0,0,0,0,0,0,0,0,0,0
0.2144181,0,0,0,0,-0.419776082038879,199,0,0,6,0,10,0,0,0,0,0,0,0,0,0,0,0,0
0.2521071,0,0,0,0,-0.419734597206116,240,0,0,6,0,10,0,0,0,0,0,0,0,0,0,0,0,0
0.2784849,0,0,0,0,-0.419735074043274,269,0,0,6,0,10,0,0,0,0,0,0,0,0,0,0,0,0
0.3147459,0,0,0,0,-0.419735074043274,301,0,0,6,0,10,0,0,0,0,0,0,0,0,0,0,0,0
0.340724,0,0,0,0,-0.419735074043274,329,0,0,6,0,10,0,0,0,0,0,0,0,0,0,0,0,0
0.366875,0,0,0,0,-0.419735074043274,355,0,0,6,0,10,0,0,0,0,0,0,0,0,0,0,0,0
0.392326,0,0,0,0,-0.419735074043274,380,0,0,6,0,10,0,0,0,0,0,0,0,0,0,0,0,0
0.4196168,0,0,0,0,-0.419735074043274,407,0,0,6,0,10,0,0,0,0,0,0,0,0,0,0,0,0
0.4527438,0,0,0,0,-0.419735074043274,442,0,0,6,0,10,0,0,0,0,0,0,0,0,0,0,0,0
0.4852869,0,0,0,0,-0.419735074043274,473,0,0,6,0,10,0,0,0,0,0,0,0,0,0,0,0,0
0.5165548,0,0,0,0,-0.419735074043274,504,0,0,6,0,10,0,0,0,0,0,0,0,0,0,0,0,0
0.5417916,0,0,0,0,-0.419735074043274,530,0,0,6,0,10,0,0,0,0,0,0,0,0,0,0,0,0
0.5711677,0,0,0,0,-0.419735074043274,555,0,0,6,0,10,0,0,0,0,0,0,0,0,0,0,0,0
0.5946803,0,0,0,0,-0.419735074043274,583,0,0,6,0,10,0,0,0,0,0,0,0,0,0,0,0,0
0.620473,0,0,0,0,-0.419735074043274,608,0,0,6,0,10,0,0,0,0,0,0,0,0,0,0,0,0
0.6521079,0,0,0,0,-0.419735074043274,643,0,0,6,0,10,0,0,0,0,0,0,0,0,0,0,0,0
0.686207,0,0,0,0,-0.419735074043274,675,0,0,6,0,10,0,0,0,0,0,0,0,0,0,0,0,0
0.7193789,0,0,0,0,-0.419735074043274,706,0,0,6,0,10,0,0,0,0,0,0,0,0,0,0,0,0
0.7470659,0,0,0,0,-0.419735074043274,733,0,0,6,0,10,0,0,0,0,0,0,0,0,0,0,0,0
0.772936,0,0,0,0,-0.419735074043274,762,0,0,6,0,10,0,0,0,0,0,0,0,0,0,0,0,0
0.7964689,0,0,0,0,-0.419735074043274,786,0,0,6,0,10,0,0,0,0,0,0,0,0,0,0,0,0
0.8222406,0,0,0,0,-0.419735074043274,811,0,0,6,0,10,0,0,0,0,0,0,0,0,0,0,0,0
0.8446103,0,0,0,0,-0.419735074043274,835,0,0,6,0,10,0,0,0,0,0,0,0,0,0,0,0,0
0.8657988,0,0,0,0,-0.419735074043274,857,0,0,6,0,10,0,0,0,0,0,0,0,0,0,0,0,0
0.8893418,0,0,0,0,-0.419735074043274,879,0,0,6,0,10,0,0,0,0,0,0,0,0,0,0,0,0
0.9146431,0,0,0,0,-0.419735074043274,902,0,0,6,0,10,0,0,0,0,0,0,0,0,0,0,0,0
0.9514238,0,0,0,0,-0.419735074043274,941,0,0,6,0,10,0,0,0,0,0,0,0,0,0,0,0,0
0.9889789,0,0,0,0,-0.419735074043274,977,0,0,6,0,10,0,0,0,0,0,0,0,0,0,0,0,0
1.0299571,0,0,0,0,-0.419735074043274,1019,0,0,6,0,10,0,0,0,0,0,0,0,0,0,0,0,0
1.0531801,0,0,0,0,-0.419735074043274,1043,0,0,6,0,10,0,0,0,0,0,0,0,0,0,0,0,0
1.0784582,0,0,0,0,-0.419735074043274,1067,0,0,6,0,10,0,0,0,0,0,0,0,0,0,0,0,0
1.1028693,0,0,0,0,-0.419735074043274,1092,0,0,6,0,10,0,0,0,0,0,0,0,0,0,0,0,0
1.1267184,0,0,0,0,-0.419735074043274,1116,0,0,6,0,10,0,0,0,0,0,0,0,0,0,0,0,0
1.1527415,0,0,0,0,-0.419735074043274,1142,0,0,6,0,10,0,0,0,0,0,0,0,0,0,0,0,0
1.1810654,0,0,0,0,-0.419735074043274,1172,0,0,6,0,10,0,0,0,0,0,0,0,0,0,0,0,0
1.2139624,0,0,0,0,-0.419735074043274,1203,0,0,6,0,10,0,0,0,0,0,0,0,0,0,0,0,0
1.2402713,0,0,0,0,-0.419735074043274,1227,0,0,6,0,10,0,0,0,0,0,0,0,0,0,0,0,0
1.2648574,0,0,0,0,-0.419735074043274,1254,0,0,6,0,10,0,0,0,0,0,0,0,0,0,0,0,0
1.2883331,0,0,0,0,-0.419735074043274,1278,0,0,6,0,10,0,0,0,0,0,0,0,0,0,0,0,0
1.3133541,0,0,0,0,-0.419735074043274,1301,0,0,6,0,10,0,0,0,0,0,0,0,0,0,0,0,0
1.3395388,0,0,0,0,-0.419735074043274,1328,0,0,6,0,10,0,0,0,0,0,0,0,0,0,0,0,0
1.3708233,0,0,0,0,-0.419735074043274,1359,0,0,6,0,10,0,0,0,0,0,0,0,0,0,0,0,0
1.3993401,0,0,0,0,-0.419735074043274,1390,0,0,6,0,10,0,0,0,0,0,0,0,0,0,0,0,0
1.4358481,0,0,0,0,-0.419735074043274,1423,0,0,6,0,10,0,0,0,0,0,0,0,0,0,0,0,0
1.4615646,0,0,0,0,-0.419735074043274,1450,0,0,6,0,10,0,0,0,0,0,0,0,0,0,0,0,0
1.4865667,0,0,0,0,-0.419735074043274,1475,0,0,6,0,10,0,0,0,0,0,0,0,0,0,0,0,0
1.5127542,0,0,0,0,-0.419735074043274,1500,0,0,6,0,10,0,0,0,0,0,0,0,0,0,0,0,0
1.5374432,0,0,0,0,-0.419735074043274,1526,0,0,6,0,10,0,0,0,0,0,0,0,0,0,0,0,0
1.56232,0,0,0,0,-0.419735074043274,1551,0,0,6,0,10,0,0,0,0,0,0,0,0,0,0,0,0
1.5867268,0,0,0,0,-0.419735074043274,1575,0,0,6,0,10,0,0,0,0,0,0,0,0,0,0,0,0
1.6106275,0,0,0,0,-0.419735074043274,1599,0,0,6,0,10,0,0,0,0,0,0,0,0,0,0,0,0
1.6345774,0,0,0,0,-0.419735074043274,1624,0,0,6,0,10,0,0,0,0,0,0,0,0,0,0,0,0
1.663562,0,0,0,0,-0.419735074043274,1653,0,0,6,0,10,0,0,0,0,0,0,0,0,0,0,0,0
1.6951576,0,0,0,0,-0.419735074043274,1684,0,0,6,0,10,0,0,0,0,0,0,0,0,0,0,0,0
1.7298365,0,0,0,0,-0.419735074043274,1718,0,0,6,0,10,0,0,0,0,0,0,0,0,0,0,0,0
1.7531515,0,0,0,0,-0.419735074043274,1743,0,0,6,0,10,0,0,0,0,0,0,0,0,0,0,0,0
1.7762691,0,0,0,0,-0.419735074043274,1766,0,0,6,0,10,0,0,0,0,0,0,0,0,0,0,0,0
1.8071185,0,0,0,0,-0.419735074043274,1789,0,0,6,0,10,0,0,0,0,0,0,0,0,0,0,0,0
1.8348033,0,0,0,0,-0.419735074043274,1826,0,0,6,0,10,0,0,0,0,0,0,0,0,0,0,0,0
1.8670912,0,0,0,0,-0.419735074043274,1857,0,0,6,0,10,0,0,0,0,0,0,0,0,0,0,0,0
1.8971942,0,0,0,0,-0.419735074043274,1887,0,0,6,0,10,0,0,0,0,0,0,0,0,0,0,0,0
1.932836,0,0,0,0,-0.419735074043274,1921,0,0,6,0,10,0,0,0,0,0,0,0,0,0,0,0,0
1.9552613,0,0,0,0,-0.419735074043274,1946,0,0,6,0,10,0,0,0,0,0,0,0,0,0,0,0,0
1.9789719,0,0,0,0,-0.419735074043274,1968,0,0,6,0,10,0,0,0,0,0,0,0,0,0,0,0,0
2.008504,0,0,0,0,-0.419735074043274,1992,0,0,6,0,10,0,0,0,0,0,0,0,0,0,0,0,0
2.0318692,0,0,0,0,-0.419735074043274,2021,0,0,6,0,10,0,0,0,0,0,0,0,0,0,0,0,0
2.0551306,0,0,0,0,-0.419735074043274,2044,0,0,6,0,10,0,0,0,0,0,0,0,0,0,0,0,0
2.0796384,0,0,0,0,-0.419735074043274,2068,0,0,6,0,10,0,0,0,0,0,0,0,0,0,0,0,0
2.1066764,0,0,0,0,-0.419735074043274,2093,0,0,6,0,10,0,0,0,0,0,0,0,0,0,0,0,0
2.1315498,0,0,0,0,-0.419735074043274,2120,0,0,6,0,10,0,0,0,0,0,0,0,0,0,0,0,0
2.1626874,0,0,0,0,-0.419735074043274,2151,0,0,6,0,10,0,0,0,0,0,0,0,0,0,0,0,0
2.1946214,0,0,0,0,-0.419735074043274,2183,0,0,6,0,10,0,0,0,0,0,0,0,0,0,0,0,0
2.2271681,0,0,0,0,-0.419735074043274,2217,0,0,6,0,10,0,0,0,0,0,0,0,0,0,0,0,0
2.2537589,0,0,0,0,-0.419735074043274,2243,0,0,6,0,10,0,0,0,0,0,0,0,0,0,0,0,0
2.2781068,0,0,0,0,-0.419735074043274,2267,0,0,6,0,10,0,0,0,0,0,0,0,0,0,0,0,0
2.3014558,0,0,0,0,-0.419735074043274,2291,0,0,6,0,10,0,0,0,0,0,0,0,0,0,0,0,0
2.3257738,0,0,0,0,-0.419735074043274,2315,0,0,6,0,10,0,0,0,0,0,0,0,0,0,0,0,0
2.3500939,0,0,0,0,-0.419735074043274,2339,0,0,6,0,10,0,0,0,0,0,0,0,0,0,0,0,0
2.3748357,0,0,0,0,-0.419735074043274,2363,0,0,6,0,10,0,0,0,0,0,0,0,0,0,0,0,0
2.3994203,0,0,0,0,-0.419735074043274,2388,0,0,6,0,10,0,0,0,0,0,0,0,0,0,0,0,0
2.4245338,0,0,0,0,-0.419735074043274,2414,0,0,6,0,10,0,0,0,0,0,0,0,0,0,0,0,0
2.4541196,0,0,0,0,-0.419735074043274,2441,0,0,6,0,10,0,0,0,0,0,0,0,0,0,0,0,0
2.4795376,0,0,0,0,-0.419735074043274,2467,0,0,6,0,10,0,0,0,0,0,0,0,0,0,0,0,0
2.5035933,0,0,0,0,-0.419735074043274,2493,0,0,6,0,10,0,0,0,0,0,0,0,0,0,0,0,0
2.5297599,0,0,0,0,-0.419735074043274,2517,0,0,6,0,10,0,0,0,0,0,0,0,0,0,0,0,0
2.5553498,0,0,0,0,-0.419735074043274,2543,0,0,6,0,10,0,0,0,0,0,0,0,0,0,0,0,0
2.5801696,0,0,0,0,-0.419735074043274,2569,0,0,6,0,10,0,0,0,0,0,0,0,0,0,0,0,0
2.6077843,0,0,0,0,-0.419735074043274,2594,0,0,6,0,10,0,0,0,0,0,0,0,0,0,0,0,0
2.6327029,0,0,0,0,-0.419735074043274,2621,0,0,6,0,10,0,0,0,0,0,0,0,0,0,0,0,0
2.6561842,0,0,0,0,-0.419735074043274,2645,0,0,6,0,10,0,0,0,0,0,0,0,0,0,0,0,0
2.681077,0,0,0,0,-0.419735074043274,2669,0,0,6,0,10,0,0,0,0,0,0,0,0,0,0,0,0
2.7072987,0,0,0,0,-0.419735074043274,2694,0,0,6,0,10,0,0,0,0,0,0,0,0,0,0,0,0
2.7405737,0,0,0,0,-0.419735074043274,2728,0,0,6,0,10,0,0,0,0,0,0,0,0,0,0,0,0
2.771212,0,0,0,0,-0.419735074043274,2759,0,0,6,0,10,0,0,0,0,0,0,0,0,0,0,0,0
2.801516,0,0,0,0,-0.419735074043274,2790,0,0,6,0,10,0,0,0,0,0,0,0,0,0,0,0,0
2.8336751,0,0,0,0,-0.419735074043274,2822,0,0,6,0,10,0,0,0,0,0,0,0,0,0,0,0,0
2.8575716,0,0,0,0,-0.419735074043274,2847,0,0,6,0,10,0,0,0,0,0,0,0,0,0,0,0,0
2.8823921,0,0,0,0,-0.419735074043274,2871,0,0,6,0,10,0,0,0,0,0,0,0,0,0,0,0,0
2.9102057,0,0,0,0,-0.419735074043274,2895,0,0,6,0,10,0,0,0,0,0,0,0,0,0,0,0,0
2.9365206,0,0,0,0,-0.419735074043274,2923,0,0,6,0,10,0,0,0,0,0,0,0,0,0,0,0,0
2.9609758,0,0,0,0,-0.419735074043274,2949,0,0,6,0,10,0,0,0,0,0,0,0,0,0,0,0,0
2.9863458,0,0,0,0,-0.419735074043274,2974,0,0,6,0,10,0,0,0,0,0,0,0,0,0,0,0,0
3.0133474,0,0,0,0,-0.419735074043274,3000,0,0,6,0,10,0,0,0,0,0,0,0,0,0,0,0,0
3.0528452,0,0,0,0,-0.419735074043274,3040,0,0,6,0,10,0,0,0,0,0,0,0,0,0,0,0,0
3.0798165,0,0,0,0,-0.419735074043274,3070,0,0,6,0,10,0,0,0,0,0,0,0,0,0,0,0,0
3.1153679,0,0,0,0,-0.419735074043274,3101,0,0,6,0,10,0,0,0,0,0,0,0,0,0,0,0,0
3.140695,0,0,0,0,-0.419735074043274,3128,0,0,6,0,10,0,0,0,0,0,0,0,0,0,0,0,0
3.1645227,0,0,0,0,-0.419735074043274,3153,0,0,6,0,10,0,0,0,0,0,0,0,0,0,0,0,0
3.1894787,0,0,0,0,-0.419735074043274,3178,0,0,6,0,10,0,0,0,0,0,0,0,0,0,0,0,0
3.2161159,0,0,0,0,-0.419735074043274,3202,0,0,6,0,10,0,0,0,0,0,0,0,0,0,0,0,0
3.2411837,0,0,0,0,-0.419735074043274,3229,0,0,6,0,10,0,0,0,0,0,0,0,0,0,0,0,0
3.272078,0,0,0,0,-0.419735074043274,3260,0,0,6,0,10,0,0,0,0,0,0,0,0,0,0,0,0
3.296045,0,0,0,0,-0.419735074043274,3285,0,0,6,0,10,0,0,0,0,0,0,0,0,0,0,0,0
3.3206883,0,0,0,0,-0.419735074043274,3311,0,0,6,0,10,0,0,0,0,0,0,0,0,0,0,0,0
3.3477475,0,0,0,0,-0.419735074043274,3337,0,0,6,0,10,0,0,0,0,0,0,0,0,0,0,0,0
3.3802087,0,0,0,0,-0.419735074043274,3368,0,0,6,0,10,0,0,0,0,0,0,0,0,0,0,0,0
3.4121485,0,0,0,0,-0.419735074043274,3399,0,0,6,0,10,0,0,0,0,0,0,0,0,0,0,0,0
3.435796,0,0,0,0,-0.419735074043274,3425,0,0,6,0,10,0,0,0,0,0,0,0,0,0,0,0,0
3.4656473,0,0,0,0,-0.419735074043274,3448,0,0,6,0,10,0,0,0,0,0,0,0,0,0,0,0,0
3.4890835,0,0,0,0,-0.419735074043274,3478,0,0,6,0,10,0,0,0,0,0,0,0,0,0,0,0,0
3.5131923,0,0,0,0,-0.419735074043274,3501,0,0,6,0,10,0,0,0,0,0,0,0,0,0,0,0,0
3.5490786,0,0,0,0,-0.419735074043274,3538,0,0,6,0,10,0,0,0,0,0,0,0,0,0,0,0,0
3.5816203,0,0,0,0,-0.419735074043274,3570,0,0,6,0,10,0,0,0,0,0,0,0,0,0,0,0,0
3.6134431,0,0,0,0,-0.419735074043274,3600,0,0,6,0,10,0,0,0,0,0,0,0,0,0,0,0,0
3.6362669,0,0,0,0,-0.419735074043274,3626,0,0,6,0,10,0,0,0,0,0,0,0,0,0,0,0,0
3.6594161,0,0,0,0,-0.419735074043274,3648,0,0,6,0,10,0,0,0,0,0,0,0,0,0,0,0,0
3.6906228,0,0,0,0,-0.419735074043274,3672,0,0,6,0,10,0,0,0,0,0,0,0,0,0,0,0,0
3.7191429,0,0,0,0,-0.419735074043274,3703,0,0,6,0,10,0,0,0,0,0,0,0,0,0,0,0,0
3.7517791,0,0,0,0,-0.419735074043274,3740,0,0,6,0,10,0,0,0,0,0,0,0,0,0,0,0,0
3.7841197,0,0,0,0,-0.419735074043274,3771,0,0,6,0,10,0,0,0,0,0,0,0,0,0,0,0,0
3.8147333,0,0,0,0,-0.419735074043274,3801,0,0,6,0,10,0,0,0,0,0,0,0,0,0,0,0,0
3.8384268,0,0,0,0,-0.419735074043274,3827,0,0,6,0,10,0,0,0,0,0,0,0,0,0,0,0,0
3.8632428,0,0,0,0,-0.419735074043274,3851,0,0,6,0,10,0,0,0,0,0,0,0,0,0,0,0,0
3.8877804,0,0,0,0,-0.419735074043274,3876,0,0,6,0,10,0,0,0,0,0,0,0,0,0,0,0,0
3.9156301,0,0,0,0,-0.419735074043274,3901,0,0,6,0,10,0,0,0,0,0,0,0,0,0,0,0,0
3.950149,0,0,0,0,-0.419735074043274,3941,0,0,6,0,10,0,0,0,0,0,0,0,0,0,0,0,0
3.9833701,0,0,0,0,-0.419735074043274,3973,0,0,6,0,10,0,0,0,0,0,0,0,0,0,0,0,0
4.0184686,0,0,0,0,-0.419735074043274,4005,0,0,6,0,10,0,0,0,0,0,0,0,0,0,0,0,0
4.043055,0,0,0,0,-0.419735074043274,4031,0,0,6,0,10,0,0,0,0,0,0,0,0,0,0,0,0
4.0689078,0,0,0,0,-0.419735074043274,4056,0,0,6,0,10,0,0,0,0,0,0,0,0,0,0,0,0
4.0944619,0,0,0,0,-0.419735074043274,4082,0,0,6,0,10,0,0,0,0,0,0,0,0,0,0,0,0
4.1216746,0,0,0,0,-0.419735074043274,4107,0,0,6,0,10,0,0,0,0,0,0,0,0,0,0,0,0
4.1565666,0,0,0,0,-0.419735074043274,4145,0,0,6,0,10,0,0,0,0,0,0,0,0,0,0,0,0
4.1880809,0,0,0,0,-0.419735074043274,4176,0,0,6,0,10,0,0,0,0,0,0,0,0,0,0,0,0
4.2196263,0,0,0,0,-0.419735074043274,4207,0,0,6,0,10,0,0,0,0,0,0,0,0,0,0,0,0
4.2432802,0,0,0,0,-0.419735074043274,4231,0,0,6,0,10,0,0,0,0,0,0,0,0,0,0,0,0
4.2652353,0,0,0,0,-0.419735074043274,4255,0,0,6,0,10,0,0,0,0,0,0,0,0,0,0,0,0
4.2893468,0,0,0,0,-0.419735074043274,4278,0,0,6,0,10,0,0,0,0,0,0,0,0,0,0,0,0
4.3149936,0,0,0,0,-0.419735074043274,4302,0,0,6,0,10,0,0,0,0,0,0,0,0,0,0,0,0
4.34404,0,0,0,0,-0.419735074043274,4332,0,0,6,0,10,0,0,0,0,0,0,0,0,0,0,0,0
4.3745628,0,0,0,0,-0.419735074043274,4363,0,0,6,0,10,0,0,0,0,0,0,0,0,0,0,0,0
4.4063725,0,0,0,0,-0.419735074043274,4395,0,0,6,0,10,0,0,0,0,0,0,0,0,0,0,0,0
4.4394749,0,0,0,0,-0.419735074043274,4428,0,0,6,0,10,0,0,0,0,0,0,0,0,0,0,0,0
4.46424,0,0,0,0,-0.419735074043274,4452,0,0,6,0,10,0,0,0,0,0,0,0,0,0,0,0,0
4.4879254,0,0,0,0,-0.419735074043274,4476,0,0,6,0,10,0,0,0,0,0,0,0,0,0,0,0,0
4.5158644,0,0,0,0,-0.419735074043274,4502,0,0,6,0,10,0,0,0,0,0,0,0,0,0,0,0,0
4.5467795,0,0,0,0,-0.419735074043274,4535,0,0,6,0,10,0,0,0,0,0,0,0,0,0,0,0,0
4.580415,0,0,0,0,-0.419735074043274,4566,0,0,6,0,10,0,0,0,0,0,0,0,0,0,0,0,0
4.6139477,0,0,0,0,-0.419735074043274,4599,0,0,6,0,10,0,0,0,0,0,0,0,0,0,0,0,0
4.6399856,0,0,0,0,-0.419735074043274,4627,0,0,6,0,10,0,0,0,0,0,0,0,0,0,0,0,0
4.6645549,0,0,0,0,-0.419735074043274,4652,0,0,6,0,10,0,0,0,0,0,0,0,0,0,0,0,0
4.6911744,0,0,0,0,-0.419735074043274,4678,0,0,6,0,10,0,0,0,0,0,0,0,0,0,0,0,0
4.7239767,0,0,0,0,-0.419735074043274,4707,0,0,6,0,10,0,0,0,0,0,0,0,0,0,0,0,0
4.748178,0,0,0,0,-0.419735074043274,4737,0,0,6,0,10,0,0,0,0,0,0,0,0,0,0,0,0
4.7725713,0,0,0,0,-0.419735074043274,4761,0,0,6,0,10,0,0,0,0,0,0,0,0,0,0,0,0
4.798677,0,0,0,0,-0.419735074043274,4785,0,0,6,0,10,0,0,0,0,0,0,0,0,0,0,0,0
4.8235649,0,0,0,0,-0.419735074043274,4812,0,0,6,0,10,0,0,0,0,0,0,0,0,0,0,0,0
4.8598715,0,0,0,0,-0.419735074043274,4847,0,0,6,0,10,0,0,0,0,0,0,0,0,0,0,0,0
4.8900766,0,0,0,0,-0.419735074043274,4877,0,0,6,0,10,0,0,0,0,0,0,0,0,0,0,0,0
4.9238957,0,0,0,0,-0.419735074043274,4910,0,0,6,0,10,0,0,0,0,0,0,0,0,0,0,0,0
4.9488251,0,0,0,0,-0.419735074043274,4936,0,0,6,0,10,0,0,0,0,0,0,0,0,0,0,0,0
4.9748971,0,0,0,0,-0.419735074043274,4962,0,0,6,0,10,0,0,0,0,0,0,0,0,0,0,0,0
4.9980405,0,0,0,0,-0.419735074043274,4987,0,0,6,0,10,0,0,0,0,0,0,0,0,0,0,0,0
5.0233963,0,0,0,0,-0.419735074043274,5011,0,0,6,0,10,0,0,0,0,0,0,0,0,0,0,0,0
5.0469556,0,0,0,0,-0.419735074043274,5036,0,0,6,0,10,0,0,0,0,0,0,0,0,0,0,0,0
5.0707979,0,0,0,0,-0.419735074043274,5060,0,0,6,0,10,0,0,0,0,0,0,0,0,0,0,0,0
5.0959414,0,0,0,0,-0.419735074043274,5085,0,0,6,0,10,0,0,0,0,0,0,0,0,0,0,0,0
5.1269534,0,0,0,0,-0.419735074043274,5110,0,0,6,0,10,0,0,0,0,0,0,0,0,0,0,0,0
5.1542314,0,0,0,0,-0.419735074043274,5143,0,0,6,0,10,0,0,0,0,0,0,0,0,0,0,0,0
5.1878088,0,0,0,0,-0.419735074043274,5175,0,0,6,0,10,0,0,0,0,0,0,0,0,0,0,0,0
5.2205802,0,0,0,0,-0.419735074043274,5206,0,0,6,0,10,0,0,0,0,0,0,0,0,0,0,0,0
5.2449242,0,0,0,0,-0.419735074043274,5232,0,0,6,0,10,0,0,0,0,0,0,0,0,0,0,0,0
5.2700039,0,0,0,0,-0.419735074043274,5257,0,0,6,0,10,0,0,0,0,0,0,0,0,0,0,0,0
5.2953701,0,0,0,0,-0.419735074043274,5282,0,0,6,0,10,0,0,0,0,0,0,0,0,0,0,0,0
5.3217111,0,0,0,0,-0.419735074043274,5307,0,0,6,0,10,0,0,0,0,0,0,0,0,0,0,0,0
5.3491258,0,0,0,0,-0.419735074043274,5334,0,0,6,0,10,0,0,0,0,0,0,0,0,0,0,0,0
5.3728233,0,0,0,0,-0.419735074043274,5361,0,0,6,0,10,0,0,0,0,0,0,0,0,0,0,0,0
5.3980998,0,0,0,0,-0.419735074043274,5385,0,0,6,0,10,0,0,0,0,0,0,0,0,0,0,0,0
5.430179,0,0,0,0,-0.419735074043274,5411,0,0,6,0,10,0,0,0,0,0,0,0,0,0,0,0,0
5.4532301,0,0,0,0,-0.419735074043274,5442,0,0,6,0,10,0,0,0,0,0,0,0,0,0,0,0,0
5.4770601,0,0,0,0,-0.419735074043274,5465,0,0,6,0,10,0,0,0,0,0,0,0,0,0,0,0,0
5.5014066,0,0,0,0,-0.419735074043274,5489,0,0,6,0,10,0,0,0,0,0,0,0,0,0,0,0,0
5.5284823,0,0,0,0,-0.419735074043274,5514,0,0,6,0,10,0,0,0,0,0,0,0,0,0,0,0,0
5.5533988,0,0,0,0,-0.419735074043274,5540,0,0,6,0,10,0,65537,0,0,0,0,0,0,0,0,0,0
5.5787406,0,0,0,0,-124.124778747559,5566,0,4145,6,0,10,0,0,0,0,0,0,0,0,0,0,0,0
5.6024134,0,0,0,0,-86.5191497802734,5591,0,4273,6,0,10,0,0,0,0,0,0,0,0,0,0,0,0
5.6260971,0,0,0,0,-15.3235082626343,5614,0,4273,6,0,10,0,0,0,0,0,0,0,0,0,0,0,0
5.6567603,0,0,0,0,-1.14110100269318,5643,0,4273,6,0,10,0,0,0,0,0,0,0,0,0,0,0,0
5.6855391,0,0,0,0,-0.458851456642151,5673,0,4273,6,0,10,0,0,0,0,0,0,0,0,0,0,0,0
5.7179173,0,0,0,0,-0.421490788459778,5704,0,4273,6,0,10,0,0,0,0,0,0,0,0,0,0,0,0
5.7419235,0,0,0,0,-0.419864773750305,5730,0,4273,6,0,10,0,0,0,0,0,0,0,0,0,0,0,0
5.7671505,0,0,0,0,-0.419742226600647,5754,0,4273,6,0,10,0,0,0,0,0,0,0,0,0,0,0,0
5.790597,0,0,0,0,-0.41973602771759,5780,0,4273,6,0,10,0,0,0,0,0,0,0,0,0,0,0,0
5.8153676,0,0,0,0,-0.419735074043274,5803,0,4273,6,0,10,0,0,0,0,0,0,0,0,0,0,0,0
5.8417469,0,0,0,0,-0.419735074043274,5828,0,4273,6,0,10,0,0,0,0,0,0,0,0,0,0,0,0
5.8659704,0,0,0,0,-0.419735074043274,5853,0,4273,6,0,10,0,0,0,0,0,0,0,0,0,0,0,0
5.8891875,0,0,0,0,-0.419735074043274,5877,0,4273,6,0,10,0,0,0,0,0,0,0,0,0,0,0,0
5.9169648,0,0,0,0,-0.419735074043274,5902,0,4273,6,0,10,0,0,0,0,0,0,0,0,0,0,0,0
5.9649245,0,0,0,0,-0.419735074043274,5944,0,4273,6,0,10,0,0,0,0,0,0,0,0,0,0,0,0
5.995446,0,0,0,0,-0.419735074043274,5984,0,4273,6,0,10,0,0,0,0,0,0,0,0,0,0,0,0
6.0300369,0,0,0,0,-0.419735074043274,6017,0,4273,6,0,10,0,0,0,0,0,0,0,0,0,0,0,0
6.060587,0,0,0,0,-0.419735074043274,6042,0,4273,6,0,10,0,0,0,0,0,0,0,0,0,0,0,0
6.0846513,0,0,0,0,-0.419735074043274,6072,0,4273,6,0,10,0,0,0,0,0,0,0,0,0,0,0,0
6.1108888,0,0,0,0,-0.419735074043274,6096,0,4273,6,0,10,0,0,0,0,0,0,0,0,0,0,0,0
6.1343315,0,0,0,0,-0.419735074043274,6123,0,4273,6,0,10,0,0,0,0,0,0,0,0,0,0,0,0
6.1603703,0,0,0,0,-0.419735074043274,6149,0,4273,6,0,10,0,0,0,0,0,0,0,0,0,0,0,0
6.1843712,0,0,0,0,-0.419735074043274,6172,0,4273,6,0,10,0,0,0,0,0,0,0,0,0,0,0,0
6.2121768,0,0,0,0,-0.419735074043274,6197,0,4273,6,0,10,0,0,0,0,0,0,0,0,0,0,0,0
6.2507036,0,0,0,0,-0.419735074043274,6236,0,4273,6,0,10,0,0,0,0,0,0,0,0,0,0,0,0
6.2807278,0,0,0,0,-0.419735074043274,6267,0,4273,6,0,10,0,0,0,0,0,0,0,0,0,0,0,0
6.3119165,0,0,0,0,-0.419735074043274,6297,0,4273,6,0,10,0,0,0,0,0,0,0,0,0,0,0,0
6.3410076,0,0,0,0,-0.419735074043274,6327,0,4273,6,0,10,0,0,0,0,0,0,0,0,0,0,0,0
6.3698612,0,0,0,0,-0.419735074043274,6358,0,4273,6,0,10,0,0,0,0,0,0,0,0,0,0,0,0
6.4023268,0,0,0,0,-0.419735074043274,6389,0,4273,6,0,10,0,0,0,0,0,0,0,0,0,0,0,0
6.4351886,0,0,0,0,-0.419735074043274,6422,0,4273,6,0,10,0,0,0,0,0,0,0,0,0,0,0,0
6.461477,0,0,0,0,-0.419735074043274,6448,0,4273,6,0,10,0,0,0,0,0,0,0,0,0,0,0,0
6.4919801,0,0,0,0,-0.419735074043274,6479,0,4273,6,0,10,0,0,0,0,0,0,0,0,0,0,0,0
6.5176522,0,0,0,0,-0.419735074043274,6504,0,4273,6,0,10,0,0,0,0,0,0,0,0,0,0,0,0
6.5414221,0,0,0,0,-0.419735074043274,6530,0,4273,6,0,10,0,0,0,0,0,0,0,0,0,0,0,0
6.5683152,0,0,0,0,-0.419735074043274,6557,0,4273,6,0,10,0,0,0,0,0,0,0,0,0,0,0,0
6.5903445,0,0,0,0,-0.419735074043274,6580,0,4273,6,0,10,0,0,0,0,0,0,0,0,0,0,0,0
6.6157347,0,0,0,0,-0.419735074043274,6602,0,4273,6,0,10,0,0,0,0,0,0,0,0,0,0,0,0
6.6473366,0,0,0,0,-0.419735074043274,6636,0,4273,6,0,10,0,0,0,0,0,0,0,0,0,0,0,0
6.6801916,0,0,0,0,-0.419735074043274,6667,0,4273,6,0,10,0,0,0,0,0,0,0,0,0,0,0,0
6.7131118,0,0,0,0,-0.419735074043274,6698,0,4273,6,0,10,0,0,0,0,0,0,0,0,0,0,0,0
6.7362857,0,0,0,0,-0.419735074043274,6725,0,4273,6,0,10,0,0,0,0,0,0,0,0,0,0,0,0
6.7599847,0,0,0,0,-0.419735074043274,6748,0,4273,6,0,10,0,0,0,0,0,0,0,0,0,0,0,0
6.7845894,0,0,0,0,-0.419735074043274,6772,0,4273,6,0,10,0,0,0,0,0,0,0,0,0,0,0,0
6.8135361,0,0,0,0,-0.419735074043274,6796,0,4273,6,0,10,0,0,0,0,0,0,0,0,0,0,0,0
6.8565672,0,0,0,0,-0.419735074043274,6838,0,4273,6,0,10,0,0,0,0,0,0,0,0,0,0,0,0
6.8840194,0,0,0,0,-0.419735074043274,6868,0,4273,6,0,10,0,0,0,0,0,0,0,0,0,0,0,0
6.915467,0,0,0,0,-0.419735074043274,6900,0,4273,6,0,10,0,0,0,0,0,0,0,0,0,0,0,0
6.9417622,0,0,0,0,-0.419735074043274,6930,0,4273,6,0,10,0,0,0,0,0,0,0,0,0,0,0,0
6.9643925,0,0,0,0,-0.419735074043274,6953,0,4273,6,0,10,0,0,0,0,0,0,0,0,0,0,0,0
6.9896072,0,0,0,0,-0.419735074043274,6977,0,4273,6,0,10,0,0,0,0,0,0,0,0,0,0,0,0
7.0167674,0,0,0,0,-0.419735074043274,7001,0,4273,6,0,10,0,0,0,0,0,0,0,0,0,0,0,0
7.0452833,0,0,0,0,-0.419735074043274,7029,0,4273,6,0,10,0,0,0,0,0,0,0,0,0,0,0,0
7.0697951,0,0,0,0,-0.419735074043274,7057,0,4273,6,0,10,0,0,0,0,0,0,0,0,0,0,0,0
7.095155,0,0,0,0,-0.419735074043274,7082,0,4273,6,0,10,0,0,0,0,0,0,0,0,0,0,0,0
7.1233645,0,0,0,0,-0.419735074043274,7110,0,4273,6,0,10,0,0,0,0,0,0,0,0,0,0,0,0
7.1487718,0,0,0,0,-0.419735074043274,7136,0,4273,6,0,10,0,0,0,0,0,0,0,0,0,0,0,0
7.1731783,0,0,0,0,-0.419735074043274,7161,0,4273,6,0,10,0,0,0,0,0,0,0,0,0,0,0,0
7.1966139,0,0,0,0,-0.419735074043274,7184,0,4273,6,0,10,0,0,0,0,0,0,0,0,0,0,0,0
7.2228715,0,0,0,0,-0.419735074043274,7210,0,4273,6,0,10,0,0,0,0,0,0,0,0,0,0,0,0
7.2563952,0,0,0,0,-0.419735074043274,7243,0,4273,6,0,10,0,0,0,0,0,0,0,0,0,0,0,0
7.2866123,0,0,0,0,-0.419735074043274,7273,0,4273,6,0,10,0,0,0,0,0,0,0,0,0,0,0,0
7.3185275,0,0,0,0,-0.419735074043274,7304,0,4273,6,0,10,0,0,0,0,0,0,0,0,0,0,0,0
7.3422785,0,0,0,0,-0.419735074043274,7330,0,4273,6,0,10,0,0,0,0,0,0,0,0,0,0,0,0
7.3656144,0,0,0,0,-0.419735074043274,7354,0,4273,6,0,10,0,0,0,0,0,0,0,0,0,0,0,0
7.3914878,0,0,0,0,-0.419735074043274,7378,0,4273,6,0,10,0,0,0,0,0,0,0,0,0,0,0,0
7.4185393,0,0,0,0,-0.419735074043274,7403,0,4273,6,0,10,0,0,0,0,0,0,0,0,0,0,0,0
7.4590852,0,0,0,0,-0.419735074043274,7445,0,4273,6,0,10,0,0,0,0,0,0,0,0,0,0,0,0
7.4865084,0,0,0,0,-0.419735074043274,7475,0,4273,6,0,10,0,0,0,0,0,0,0,0,0,0,0,0
7.5224952,0,0,0,0,-0.419735074043274,7508,0,4273,6,0,10,0,0,0,0,0,0,0,0,0,0,0,0
7.5520322,0,0,0,0,-0.419735074043274,7538,0,4273,6,0,10,0,0,0,0,0,0,0,0,0,0,0,0
7.5819426,0,0,0,0,-0.419735074043274,7569,0,4273,6,0,10,0,0,0,0,0,0,0,0,0,0,0,0
7.6166809,0,0,0,0,-0.419735074043274,7599,0,4273,6,0,10,0,0,0,0,0,0,0,0,0,0,0,0
7.6422937,0,0,0,0,-0.419735074043274,7628,0,4273,6,0,10,0,0,0,0,0,0,0,0,0,0,0,0
7.6707888,0,0,0,0,-0.419735074043274,7658,0,4273,6,0,10,0,0,0,0,0,0,0,0,0,0,0,0
7.7035141,0,0,0,0,-0.419735074043274,7689,0,4273,6,0,10,0,0,0,0,0,0,0,0,0,0,0,0
7.7371409,0,0,0,0,-0.419735074043274,7724,0,4273,6,0,10,0,0,0,0,0,0,0,0,0,0,0,0
7.7670489,0,0,0,0,-0.419735074043274,7754,0,4273,6,0,10,0,0,0,0,0,0,0,0,0,0,0,0
7.7977776,0,0,0,0,-0.419735074043274,7785,0,4273,6,0,10,0,0,0,0,0,0,0,0,0,0,0,0
7.8330557,0,0,0,0,-0.419735074043274,7818,0,4273,6,0,10,0,0,0,0,0,0,0,0,0,0,0,0
7.8558851,0,0,0,0,-0.419735074043274,7845,0,4273,6,0,10,0,0,0,0,0,0,0,0,0,0,0,0
7.8797234,0,0,0,0,-0.419735074043274,7867,0,4273,6,0,10,0,0,0,0,0,0,0,0,0,0,0,0
7.9041126,0,0,0,0,-0.419735074043274,7891,0,4273,6,0,10,0,0,0,0,0,0,0,0,0,0,0,0
7.9280408,0,0,0,0,-0.419735074043274,7916,0,4273,6,0,10,0,0,0,0,0,0,0,0,0,0,0,0
7.9538177,0,0,0,0,-0.419735074043274,7940,0,4273,6,0,10,0,0,0,0,0,0,0,0,0,0,0,0
7.9776466,0,0,0,0,-0.419735074043274,7965,0,4273,6,0,10,0,0,0,0,0,0,0,0,0,0,0,0
7.9998267,0,0,0,0,-0.419735074043274,7988,0,4273,6,0,10,0,0,0,0,0,0,0,0,0,0,0,0
8.028106,0,0,0,0,-0.419735074043274,8015,0,4273,6,0,10,0,0,0,0,0,0,0,0,0,0,0,0
8.0538761,0,0,0,0,-0.419735074043274,8040,0,4273,6,0,10,0,0,0,0,0,0,0,0,0,0,0,0
8.0783317,0,0,0,0,-0.419735074043274,8065,0,4273,6,0,10,0,0,0,0,0,0,0,0,0,0,0,0
8.1021425,0,0,0,0,-0.419735074043274,8089,0,4273,6,0,10,0,0,0,0,0,0,0,0,0,0,0,0
8.1273475,0,0,0,0,-0.419735074043274,8114,0,4273,6,0,10,0,0,0,0,0,0,0,0,0,0,0,0
8.1561837,0,0,0,0,-0.419735074043274,8144,0,4273,6,0,10,0,0,0,0,0,0,0,0,0,0,0,0
8.1897942,0,0,0,0,-0.419735074043274,8176,0,4273,6,0,10,0,0,0,0,0,0,0,0,0,0,0,0
8.2234223,0,0,0,0,-0.419735074043274,8207,0,4273,6,0,10,0,0,0,0,0,0,0,0,0,0,0,0
8.2521769,0,0,0,0,-0.419735074043274,8238,0,4273,6,0,10,0,0,0,0,0,0,0,0,0,0,0,0
8.281413,0,0,0,0,-0.419735074043274,8267,0,4273,6,0,10,0,0,0,0,0,0,0,0,0,0,0,0
8.3134883,0,0,0,0,-0.419735074043274,8298,0,4273,6,0,10,0,0,0,0,0,0,0,0,0,0,0,0
8.3378819,0,0,0,0,-0.419735074043274,8325,0,4273,6,0,10,0,0,0,0,0,0,0,0,0,0,0,0
8.3628486,0,0,0,0,-0.419735074043274,8350,0,4273,6,0,10,0,0,0,0,0,0,0,0,0,0,0,0
8.3886032,0,0,0,0,-0.419735074043274,8375,0,4273,6,0,10,0,0,0,0,0,0,0,0,0,0,0,0
8.4148874,0,0,0,0,-0.419735074043274,8400,0,4273,6,0,10,0,0,0,0,0,0,0,0,0,0,0,0
8.4458937,0,0,0,0,-0.419735074043274,8427,0,4273,6,0,10,0,0,0,0,0,0,0,0,0,0,0,0
8.4709162,0,0,0,0,-0.419735074043274,8457,0,4273,6,0,10,0,0,0,0,0,0,0,0,0,0,0,0
8.4961706,0,0,0,0,-0.419735074043274,8483,0,4273,6,0,10,0,0,0,0,0,0,0,0,0,0,0,0
8.523457,0,0,0,0,-0.419735074043274,8510,0,4273,6,0,10,0,0,0,0,0,0,0,0,0,0,0,0
8.562036,0,0,0,0,-0.419735074043274,8548,0,4273,6,0,10,0,0,0,0,0,0,0,0,0,0,0,0
8.5908387,0,0,0,0,-0.419735074043274,8577,0,4273,6,0,10,0,0,0,0,0,0,0,0,0,0,0,0
8.6259999,0,0,0,0,-0.419735074043274,8610,0,4273,6,0,10,0,0,0,0,0,0,0,0,0,0,0,0
8.6563971,0,0,0,0,-0.419735074043274,8640,0,4273,6,0,10,0,0,0,0,0,0,0,0,0,0,0,0
8.6816763,0,0,0,0,-0.419735074043274,8668,0,4273,6,0,10,0,0,0,0,0,0,0,0,0,0,0,0
8.7086141,0,0,0,0,-0.419735074043274,8694,0,4273,6,0,10,0,0,0,0,0,0,0,0,0,0,0,0
8.7328114,0,0,0,0,-0.419735074043274,8720,0,4273,6,0,10,0,0,0,0,0,0,0,0,0,0,0,0
8.7587626,0,0,0,0,-0.419735074043274,8744,0,4273,6,0,10,0,0,0,0,0,0,0,0,0,0,0,0
8.7830913,0,0,0,0,-0.419735074043274,8771,0,4273,6,0,10,0,0,0,0,0,0,0,0,0,0,0,0
8.8091024,0,0,0,0,-0.419735074043274,8794,0,4273,6,0,10,0,0,0,0,0,0,0,0,0,0,0,0
8.8406498,0,0,0,0,-0.419735074043274,8828,0,4273,6,0,10,0,0,0,0,0,0,0,0,0,0,0,0
8.8708369,0,0,0,0,-0.419735074043274,8858,0,4273,6,0,10,0,0,0,0,0,0,0,0,0,0,0,0
8.8994953,0,0,0,0,-0.419735074043274,8889,0,4273,6,0,10,0,0,0,0,0,0,0,0,0,0,0,0
8.9340997,0,0,0,0,-0.419735074043274,8921,0,4273,6,0,10,0,0,0,0,0,0,0,0,0,0,0,0
8.9581651,0,0,0,0,-0.419735074043274,8946,0,4273,6,0,10,0,0,0,0,0,0,0,0,0,0,0,0
8.982932,0,0,0,0,-0.419735074043274,8970,0,4273,6,0,10,0,0,0,0,0,0,0,0,0,0,0,0
9.0077055,0,0,0,0,-0.419735074043274,8994,0,4273,6,0,10,0,0,0,0,0,0,0,2.0603244925201e-149,0,0,0,0
9.0331168,9.014,0,0,0,-0.419735074043274,9019,-0.419735074043274,4273,6,0,10,-1,0,0,0,0,0,0,1.52863224083558e-150,0,0,0,0
9.0614298,9.039,0,0,0,-0.419735074043274,9045,-0.419735074043274,4273,6,0,10,1,0,0,0,0,0,0,1.25348116657672e-151,0,0,0,0
9.0882708,9.068,0,0,0,-0.419735074043274,9073,-0.419735074043274,4273,6,0,10,-3,0,0,0,0,0,0,6.2329776646354e-153,0,0,0,0
9.1147852,9.095,0,0,0,-0.419735074043274,9100,-0.419735074043274,4273,6,0,10,7,0,0,0,0,0,0,4.18423003335653e-154,0,0,0,0
9.149158,9.133,0,0,0,-0.419735074043274,9138,-0.419735074043274,4273,6,0,10,5,0,0,0,0,0,0,1.3944523470175e-155,0,0,0,0
9.1834781,9.164,0,0,0,-0.419735074043274,9170,-0.419735074043274,4273,6,0,10,1,0,0,0,0,0,0,4.64720470098718e-157,0,0,0,0
9.2157121,9.194,0,0,0,-0.419735074043274,9200,-0.419735074043274,4273,6,0,10,-12,0,0,0,0,0,0,1.71169876003962e-158,0,0,0,0
9.2409005,9.222,0,0,0,-0.419735074043274,9227,-0.419735074043274,4273,6,0,10,-3,0,0,0,0,0,0,1.40359603915562e-159,0,0,0,0
9.2650277,9.248,0,0,0,-0.419735074043274,9252,-0.419735074043274,4273,6,0,10,0,0,0,0,0,0,0,1.27205046194743e-160,0,0,0,0
9.2932965,9.272,0,0,0,-0.419735074043274,9278,-0.419735074043274,4273,6,0,10,0,0,0,0,0,0,0,6.99084230372954e-162,0,0,0,0
9.3199867,9.299,0,0,0,-0.419735074043274,9304,-0.419735074043274,4273,6,0,10,-3,0,0,0,0,0,0,5.18676886814419e-163,0,0,0,0
9.3445822,9.326,0,0,0,-0.419735074043274,9331,-0.419735074043274,4273,6,0,10,0,0,0,0,0,0,0,4.25315973189952e-164,0,0,0,0
9.3719033,9.351,0,0,0,-0.419735074043274,9356,-0.419735074043274,4273,6,0,10,-1,0,0,0,0,0,0,2.85516805039243e-165,0,0,0,0
9.396372,9.378,0,0,0,-0.419735074043274,9383,-0.419735074043274,4273,6,0,10,-12,0,0,0,0,0,0,2.34124289869891e-166,0,0,0,0
9.4230018,9.403,0,0,0,-0.419735074043274,9409,-0.419735074043274,4273,6,0,10,-7,0,0,0,0,0,0,1.73705617322489e-167,0,0,0,0
9.447574,9.43,0,0,0,-0.419735074043274,9435,-0.419735074043274,4273,6,0,10,0,0,0,0,0,0,0,1.42438916323854e-168,0,0,0,0
9.4809399,9.461,0,0,0,-0.419735074043274,9466,-0.419735074043274,4273,6,0,10,3,0,0,0,0,0,0,5.79844580312653e-170,0,0,0,0
9.5141473,9.493,0,0,0,-0.419735074043274,9498,-0.419735074043274,4273,6,0,10,7,0,0,0,0,0,0,1.93241200764896e-171,0,0,0,0
9.5393132,9.52,0,0,0,-0.419735074043274,9525,-0.419735074043274,4273,6,0,10,0,0,0,0,0,0,0,1.58458129623817e-172,0,0,0,0
9.5633889,9.546,0,0,0,-0.419735074043274,9551,-0.419735074043274,4273,6,0,10,3,0,0,0,0,0,0,1.43607370898938e-173,0,0,0,0
9.5875219,9.569,0,0,0,-0.419735074043274,9575,-0.419735074043274,4273,6,0,10,1,0,0,0,0,0,0,1.30148431168945e-174,0,0,0,0
9.6171443,9.594,0,0,0,-0.419735074043274,9599,-0.419735074043274,4273,6,0,10,-1,0,0,0,0,0,0,6.47167493372722e-176,0,0,0,0
9.6413408,9.624,0,0,0,-0.419735074043274,9629,-0.419735074043274,4273,6,0,10,7,0,0,0,0,0,0,5.86514699341392e-177,0,0,0,0
9.6663082,9.647,0,0,0,-0.419735074043274,9653,-0.419735074043274,4273,6,0,10,7,0,0,0,0,0,0,4.80943100574002e-178,0,0,0,0
9.6908192,9.672,0,0,0,-0.419735074043274,9677,-0.419735074043274,4273,6,0,10,-1,0,0,0,0,0,0,3.94374201106079e-179,0,0,0,0
9.7154109,9.697,0,0,0,-0.419735074043274,9702,-0.419735074043274,4273,6,0,10,8,0,0,0,0,0,0,3.23387548989544e-180,0,0,0,0
9.7402942,9.725,0,0,0,-0.419735074043274,9729,-0.419735074043274,4273,6,0,10,0,0,0,0,0,0,0,2.93079539699803e-181,0,0,0,0
9.7750536,9.757,0,0,0,-0.419735074043274,9762,-0.419735074043274,4273,6,0,10,0,0,0,0,0,0,0,8.83743470170627e-183,0,0,0,0
9.8050572,9.787,0,0,0,-0.419735074043274,9792,-0.419735074043274,4273,6,0,10,0,0,0,0,0,0,0,4.39444441425817e-184,0,0,0,0
9.8386521,9.82,0,0,0,-0.419735074043274,9825,-0.419735074043274,4273,6,0,10,0,0,0,0,0,0,0,1.46450918769984e-185,0,0,0,0
9.862189,9.845,0,0,0,-0.419735074043274,9850,-0.419735074043274,4273,6,0,10,0,0,0,0,0,0,0,1.46690407389775e-186,0,0,0,0
9.8862548,9.868,0,0,0,-0.419735074043274,9873,-0.419735074043274,4273,6,0,10,7,0,0,0,0,0,0,1.20286395948342e-187,0,0,0,0
9.913972,9.892,0,0,0,-0.419735074043274,9898,-0.419735074043274,4273,6,0,10,-1,0,0,0,0,0,0,8.0748877600977e-189,0,0,0,0
9.9370605,9.92,0,0,0,-0.419735074043274,9925,-0.419735074043274,4273,6,0,10,1,0,0,0,0,0,0,7.31810607814565e-190,0,0,0,0
9.9633847,9.944,0,0,0,-0.419735074043274,9949,-0.419735074043274,4273,6,0,10,3,0,0,0,0,0,0,6.00086004921107e-191,0,0,0,0
9.9896513,9.969,0,0,0,-0.419735074043274,9975,-0.419735074043274,4273,6,0,10,8,0,0,0,0,0,0,4.45226379498409e-192,0,0,0,0
10.0189726,9.996,0,0,0,-0.419735074043274,10004,-0.419735074043274,4273,6,0,10,-1,0,0,0,0,0,0,2.21390329038518e-193,0,0,0,0
10.0548926,10.036,0,0,0,-0.419735074043274,10041,-0.419735074043274,4273,6,0,10,0,0,0,0,0,0,0,6.67573921561093e-195,0,0,0,0
10.0843574,10.067,0,0,0,-0.419735074043274,10072,-0.419735074043274,4273,6,0,10,0,0,0,0,0,0,0,3.31953399343609e-196,0,0,0,0
10.1198843,10.098,0,0,0,-0.419735074043274,10103,-0.419735074043274,4273,6,0,10,1,0,0,0,0,0,0,9.05670932714005e-198,0,0,0,0
10.1467438,10.126,0,0,0,-0.419735074043274,10131,-0.419735074043274,4273,6,0,10,1,0,0,0,0,0,0,6.7195133211316e-199,0,0,0,0
10.1726578,10.153,0,0,0,-0.419735074043274,10158,-0.419735074043274,4273,6,0,10,-1,0,0,0,0,0,0,4.51084392734829e-200,0,0,0,0
10.195728,10.179,0,0,0,-0.419735074043274,10184,-0.419735074043274,4273,6,0,10,0,0,0,0,0,0,0,4.51822043133558e-201,0,0,0,0
10.2208831,10.201,0,0,0,-0.419735074043274,10206,-0.419735074043274,4273,6,0,10,-3,0,0,0,0,0,0,3.70494882014627e-202,0,0,0,0
10.2460828,10.227,0,0,0,-0.419735074043274,10232,-0.419735074043274,4273,6,0,10,1,0,0,0,0,0,0,3.03806464702423e-203,0,0,0,0
10.2714381,10.252,0,0,0,-0.419735074043274,10257,-0.419735074043274,4273,6,0,10,0,0,0,0,0,0,0,2.75333602394475e-204,0,0,0,0
10.2972518,10.278,0,0,0,-0.419735074043274,10283,-0.419735074043274,4273,6,0,10,-15,0,0,0,0,0,0,1.84832866459276e-205,0,0,0,0
10.3252833,10.303,0,0,0,-0.419735074043274,10310,-0.419735074043274,4273,6,0,10,-5,0,0,0,0,0,0,1.12266910784918e-206,0,0,0,0
10.3524359,10.333,0,0,0,-0.419735074043274,10339,-0.419735074043274,4273,6,0,10,-8,0,0,0,0,0,0,7.53653558753589e-208,0,0,0,0
10.3829613,10.363,0,0,0,-0.419735074043274,10369,-0.419735074043274,4273,6,0,10,-1,0,0,0,0,0,0,3.39079944708427e-209,0,0,0,0
10.4127628,10.394,0,0,0,-0.419735074043274,10399,-0.419735074043274,4273,6,0,10,-3,0,0,0,0,0,0,2.05956108514516e-210,0,0,0,0
10.4383394,10.419,0,0,0,-0.419735074043274,10424,-0.419735074043274,4273,6,0,10,0,0,0,0,0,0,0,1.38259397220234e-211,0,0,0,0
10.4626833,10.444,0,0,0,-0.419735074043274,10449,-0.419735074043274,4273,6,0,10,1,0,0,0,0,0,0,1.13372952557302e-212,0,0,0,0
10.4892475,10.469,0,0,0,-0.419735074043274,10474,-0.419735074043274,4273,6,0,10,-5,0,0,0,0,0,0,9.29660235035305e-214,0,0,0,0
10.5158799,10.495,0,0,0,-0.419735074043274,10501,-0.419735074043274,4273,6,0,10,-1,0,0,0,0,0,0,5.64672748231115e-215,0,0,0,0
10.5500412,10.534,0,0,0,-0.419735074043274,10538,-0.419735074043274,4273,6,0,10,3,0,0,0,0,0,0,1.88184978548144e-216,0,0,0,0
10.5825384,10.564,0,0,0,-0.419735074043274,10569,-0.419735074043274,4273,6,0,10,0,0,0,0,0,0,0,7.66069012061987e-218,0,0,0,0
10.6154287,10.595,0,0,0,-0.419735074043274,10599,-0.419735074043274,4273,6,0,10,-1,0,0,0,0,0,0,3.80930417550028e-219,0,0,0,0
10.6411122,10.622,0,0,0,-0.419735074043274,10627,-0.419735074043274,4273,6,0,10,0,0,0,0,0,0,0,2.3137595613588e-220,0,0,0,0
10.6658033,10.647,0,0,0,-0.419735074043274,10652,-0.419735074043274,4273,6,0,10,0,0,0,0,0,0,0,1.7166652514568e-221,0,0,0,0
10.6904227,10.672,0,0,0,-0.419735074043274,10677,-0.419735074043274,4273,6,0,10,1,0,0,0,0,0,0,1.55577870356374e-222,0,0,0,0
10.7167881,10.697,0,0,0,-0.419735074043274,10702,-0.419735074043274,4273,6,0,10,1,0,0,0,0,0,0,1.04440226276483e-223,0,0,0,0
10.7529414,10.734,0,0,0,-0.419735074043274,10739,-0.419735074043274,4273,6,0,10,0,0,0,0,0,0,0,2.84945047502811e-225,0,0,0,0
10.783551,10.764,0,0,0,-0.419735074043274,10770,-0.419735074043274,4273,6,0,10,0,0,0,0,0,0,0,1.4168989244441e-226,0,0,0,0
10.8152021,10.795,0,0,0,-0.419735074043274,10800,-0.419735074043274,4273,6,0,10,-1,0,0,0,0,0,0,7.04557801472594e-228,0,0,0,0
10.842011,10.821,0,0,0,-0.419735074043274,10826,-0.419735074043274,4273,6,0,10,1,0,0,0,0,0,0,5.22737935103555e-229,0,0,0,0
10.8687375,10.848,0,0,0,-0.419735074043274,10853,-0.419735074043274,4273,6,0,10,3,0,0,0,0,0,0,3.17509403215867e-230,0,0,0,0
10.8932013,10.875,0,0,0,-0.419735074043274,10879,-0.419735074043274,4273,6,0,10,-3,0,0,0,0,0,0,2.35572169474417e-231,0,0,0,0
10.9220793,10.899,0,0,0,-0.419735074043274,10904,-0.419735074043274,4273,6,0,10,-1,0,0,0,0,0,0,1.58140811594817e-232,0,0,0,0
10.9496357,10.929,0,0,0,-0.419735074043274,10934,-0.419735074043274,4273,6,0,10,-1,0,0,0,0,0,0,9.60542393074964e-234,0,0,0,0
10.9802505,10.955,0,0,0,-0.419735074043274,10967,-0.419735074043274,4273,6,0,10,-3,0,0,0,0,0,0,3.91020456459196e-235,0,0,0,0
11.0044746,10.987,0,0,0,-0.419735074043274,10992,-0.419735074043274,4273,6,0,10,-1,0,0,0,0,0,0,3.54373864270122e-236,0,0,0,0
11.0345274,11.014,0,0,0,-0.419735074043274,11019,-0.419735074043274,4273,6,0,10,-1,0,0,0,0,0,0,1.76213607337913e-237,0,0,0,0
11.0733991,11.044,0,0,0,-0.419735074043274,11052,-0.419735074043274,4273,6,0,10,-8,0,0,0,0,0,0,3.56115212866441e-239,0,0,0,0
11.1140839,11.091,0,0,0,-0.419735074043274,11097,-0.419735074043274,4273,6,0,10,0,0,0,0,0,0,0,6.51169729171869e-241,0,0,0,0
11.1394606,11.12,0,0,0,-0.419735074043274,11125,-0.419735074043274,4273,6,0,10,-1,0,0,0,0,0,0,4.83127316052415e-242,0,0,0,0
11.1674536,11.146,0,0,0,-0.419735074043274,11150,-0.419735074043274,4273,6,0,10,-1,0,0,0,0,0,0,3.24325857483992e-243,0,0,0,0
11.1902634,11.173,0,0,0,-0.419735074043274,11179,-0.419735074043274,4273,6,0,10,0,0,0,0,0,0,0,2.65947782161006e-244,0,0,0,0
11.2153906,11.196,0,0,0,-0.419735074043274,11201,-0.419735074043274,4273,6,0,10,-7,0,0,0,0,0,0,2.41023050588912e-245,0,0,0,0
11.2491879,11.231,0,0,0,-0.419735074043274,11235,-0.419735074043274,4273,6,0,10,7,0,0,0,0,0,0,8.03242546178599e-247,0,0,0,0
11.284532,11.261,0,0,0,-0.419735074043274,11269,-0.419735074043274,4273,6,0,10,0,0,0,0,0,0,0,2.42207407543927e-248,0,0,0,0
11.3135733,11.291,0,0,0,-0.419735074043274,11297,-0.419735074043274,4273,6,0,10,0,0,0,0,0,0,0,1.33110583391677e-249,0,0,0,0
11.3407403,11.319,0,0,0,-0.419735074043274,11325,-0.419735074043274,4273,6,0,10,3,0,0,0,0,0,0,9.87597488199859e-251,0,0,0,0
11.3659296,11.346,0,0,0,-0.419735074043274,11351,-0.419735074043274,4273,6,0,10,7,0,0,0,0,0,0,7.32735725324495e-252,0,0,0,0
11.3921482,11.372,0,0,0,-0.419735074043274,11378,-0.419735074043274,4273,6,0,10,-1,0,0,0,0,0,0,4.91889269202985e-253,0,0,0,0
11.4176785,11.398,0,0,0,-0.419735074043274,11403,-0.419735074043274,4273,6,0,10,5,0,0,0,0,0,0,4.03350078924215e-254,0,0,0,0
11.4492256,11.432,0,0,0,-0.419735074043274,11436,-0.419735074043274,4273,6,0,10,3,0,0,0,0,0,0,1.64196950713336e-255,0,0,0,0
11.4796924,11.463,0,0,0,-0.419735074043274,11468,-0.419735074043274,4273,6,0,10,-3,0,0,0,0,0,0,8.16474912975742e-257,0,0,0,0
11.5149389,11.495,0,0,0,-0.419735074043274,11500,-0.419735074043274,4273,6,0,10,0,0,0,0,0,0,0,2.46197456717559e-258,0,0,0,0
11.541311,11.522,0,0,0,-0.419735074043274,11527,-0.419735074043274,4273,6,0,10,0,0,0,0,0,0,0,1.65273621687823e-259,0,0,0,0
11.5706068,11.55,0,1,0,-0.419735074043274,11555,-0.419735074043274,4279,0,4,10,0,0,-0.419735074043274,-0.419735074043274,-1,0,0,1.00386686072497e-260,0,0,0,0
11.594034,11.576,0,1,0,-0.419735074043274,11582,-0.419735074043274,4279,0,4,10,0,0,-0.419735074043274,-0.419735074043274,-1,0,0,8.23172618014012e-262,0,0,0,0
11.6181042,11.599,0,1,0,-0.419735074043274,11605,-0.421610951423645,4279,0,4,10,-1,0,-0.399365544319153,-0.424548745155334,-1,0,0,7.46024553928725e-263,0,-6.45058271065909e-06,0,0
11.6441924,11.624,0,1,0,-0.419726967811584,11628,-0.419728398323059,4279,0,4,10,-3,0,-0.419732689857483,-0.419734120368958,-1,0,0,5.53503678537327e-264,0,-6.57547290250466e-12,0,0
11.6665124,11.651,0,1,0,-0.419735074043274,11655,-0.419735074043274,4279,0,4,10,0,0,-0.419735074043274,-0.419735074043274,-1,0,0,6.12741836205178e-265,0,-3.29307635554051e-17,0,0
11.6934881,11.672,0,1,0,-0.419735074043274,11677,-0.506301999092102,4279,0,4,10,0,0,-0.412386059761047,-0.415400147438049,-1,0,0,4.11336752944022e-266,0,-1.31296208236497e-06,0,0
11.7205786,11.699,0,1,0,-0.388771176338196,11705,-0.38580334186554,4279,0,4,10,0,0,-0.418846726417542,-0.419211506843567,-1,0,0,2.76132482434046e-267,0,-9.24718938483151e-08,0,0
11.7459351,11.726,0,1,0,-0.419734120368958,11732,-0.419737458229065,4279,0,4,10,0,0,-0.419735074043274,-0.419735074043274,-1,0,0,2.26429128579648e-268,0,-1.60245822924621e-13,0,0
11.7717356,11.752,0,1,0,-0.419735074043274,11757,-0.419735074043274,4279,0,4,10,3,0,-0.419735074043274,-0.419735074043274,-1,0,0,1.67996287705043e-269,0,-1.63348353729232e-19,0,0
11.7943145,11.777,0,1,0,-0.419735074043274,11782,-0.419735074043274,4279,0,4,10,3,0,-0.419735074043274,-0.419735074043274,-1,0,0,1.68271009088905e-270,0,-8.18068311371645e-25,0,0
11.8194009,11.8,0,1,0,-0.419735074043274,11805,-0.419735074043274,4279,0,4,10,0,0,-0.419735074043274,-0.419735074043274,-1,0,0,1.37982527869822e-271,0,-1.41764188348234e-30,0,0
11.8550175,11.837,0,1,0,-0.419423699378967,11842,-0.419625878334045,4279,0,4,10,-1,0,-0.419726967811584,-0.419728398323059,-1,0,0,3.76458758853507e-273,0,-1.32561132640171e-09,0,0
11.8867637,11.868,0,1,0,-0.419735074043274,11873,-0.419735074043274,4279,0,4,10,-8,0,-0.419735074043274,-0.419735074043274,-1,0,0,1.87195396162073e-274,0,-9.51699066751206e-17,0,0
11.9201431,11.9,0,1,0,-0.419735074043274,11905,-0.419735074043274,4279,0,4,10,1,0,-0.419735074043274,-0.419735074043274,-1,0,0,7.62040590629521e-276,0,-1.3907091644921e-24,0,0
11.9455417,11.926,0,1,0,-0.419735074043274,11932,-0.419735074043274,4279,0,4,10,3,0,-0.419735074043274,-0.419735074043274,-1,0,0,4.62861095223774e-277,0,-2.40997913245302e-30,0,0
11.9716276,11.951,0,1,0,-0.419735074043274,11956,-0.419735074043274,4279,0,4,10,3,0,-0.419735074043274,-0.419735074043274,-1,0,0,3.43414057230417e-278,0,-1.44508171193506e-36,0,0
11.9982637,11.977,0,1,0,-0.419735074043274,11983,-0.419735074043274,4279,0,4,10,0,0,-0.419735074043274,-0.419735074043274,-1,0,0,2.54791806700539e-279,0,-1.47306004200714e-42,0,0
12.023967,12.004,0,1,0,-0.421610951423645,12011,-0.508181214332581,4279,0,4,10,1,0,-0.457442879676819,-0.461016297340393,-1,0,0,1.71043053129877e-280,0,-0.000101834093286777,0,0
12.0596972,12.04,0,1,0,-0.392177224159241,12046,-0.39936363697052,4279,0,4,10,-8,0,-0.418846726417542,-0.419211506843567,-1,0,0,5.15758218661069e-282,0,-9.2471945651042e-08,0,0
12.0912054,12.072,0,1,0,-0.419735074043274,12078,-0.419735074043274,4279,0,4,10,-3,0,-0.419735074043274,-0.419735074043274,-1,0,0,2.09956390823965e-283,0,-6.63885881358983e-15,0,0
12.1246565,12.103,0,1,0,-0.419735074043274,12108,-0.419735074043274,4279,0,4,10,1,0,-0.421610951423645,-0.506301999092102,-1,0,0,7.73329596949823e-285,0,-3.16917128574681e-05,0,0
12.1483372,12.13,0,1,0,-0.41969358921051,12135,-0.419722199440002,4279,0,4,10,1,0,-0.419732689857483,-0.419733643531799,-1,0,0,7.0085284055762e-286,0,-1.58715930891837e-10,0,0
12.176176,12.154,0,1,0,-0.388774991035461,12159,-0.385801434516907,4279,0,4,10,3,0,-0.418847680091858,-0.419211506843567,-1,0,0,4.70486124322727e-287,0,-5.43949593149271e-08,0,0
12.2009959,12.182,0,1,0,-0.419736504554749,12187,-0.419737458229065,4279,0,4,10,3,0,-0.419735074043274,-0.419735074043274,-1,0,0,3.85799461911027e-288,0,-9.42617768018235e-14,0,0
12.2275782,12.208,0,1,0,-0.419735074043274,12216,-0.419735074043274,4279,0,4,10,-1,0,-0.413039803504944,-0.413039803504944,-1,0,0,2.34333398604611e-289,0,-5.38759118576959e-05,0,0
12.2601394,12.244,0,1,0,-0.41973602771759,12249,-0.419732689857483,4279,0,4,10,3,0,-0.419736981391907,-0.419736981391907,-1,0,0,9.53931374050857e-291,0,-2.27525013927497e-12,0,0
12.2920906,12.275,0,1,0,-0.419391274452209,12280,-0.41952908039093,4279,0,4,10,1,0,-0.419707894325256,-0.419716477394104,-1,0,0,3.88329223156945e-292,0,-4.28970577367443e-09,0,0
12.3271245,12.309,0,1,0,-0.419735074043274,12314,-0.419735074043274,4279,0,4,10,1,0,-0.419735074043274,-0.419735074043274,-1,0,0,1.29416067551214e-293,0,-3.68735759693253e-17,0,0
12.3511491,12.333,0,1,0,-0.419735074043274,12337,-0.419735074043274,4279,0,4,10,7,0,-0.419735074043274,-0.419735074043274,-1,0,0,1.06121406440567e-294,0,-0.000449977003426662,0,0
12.3756324,12.357,0,1,0,-0.476698994636536,12362,-0.388664364814758,4279,0,4,10,-1,0,-0.412375092506409,-0.415397763252258,-1,0,0,9.61756661599325e-296,0,-7.73110408053747e-07,0,0
12.400689,12.382,0,1,0,-0.419734597206116,12387,-0.419734597206116,4279,0,4,10,-3,0,-0.419735550880432,-0.419736981391907,-1,0,0,7.88642179550972e-297,0,-1.33973371144945e-12,0,0
12.4249514,12.407,0,1,0,-0.419735074043274,12412,-0.419735074043274,4279,0,4,10,1,0,-0.419735074043274,-0.419735074043274,-1,0,0,6.46687995207276e-298,0,-3.94679321106471e-18,0,0
12.4491026,12.431,0,1,0,-0.419735074043274,12436,-0.419735074043274,4279,0,4,10,1,0,-0.419735074043274,-0.419735074043274,-1,0,0,6.47745512747674e-299,0,-1.16270692584526e-23,0,0
12.4776697,12.462,0,1,0,-0.419735074043274,12466,-0.419735074043274,4279,0,4,10,-1,0,-0.419735074043274,-0.419735074043274,-1,0,0,3.55983262301947e-300,0,-2.41241232963158e-30,0,0
12.5204431,12.494,0,1,0,-0.419735074043274,12499,-0.419735074043274,4279,0,4,10,3,0,-0.419735074043274,-0.419735074043274,-1,0,0,1.18636330139261e-301,0,-0.000155701385268741,0,0
12.547193,12.527,0,1,0,-0.35800564289093,12533,-0.403857350349426,4279,0,4,10,-3,0,-0.4183269739151,-0.418904900550842,-1,0,0,3.23676383442523e-303,0,-2.49691866115245e-07,0,0
12.5724261,12.553,0,1,0,116.923149108887,12558,116.921989440918,4279,0,4,10,114,0,116.917510986328,116.917510986328,116,0,0,2.93341304473348e-304,0.00219359252667647,0.213210860142644,0.523598775598299,0.523598775598299
12.5968652,12.578,0,1,0,116.913597106934,12583,116.913902282715,4279,0,4,10,119,0,116.91495513916,116.915283203125,116,0,0.000479368996214263,0.0233145734609219,0.0101242732000452,0.390959572886503,0.523598775598299,0.523598775598299
12.6229268,12.602,0,1,0,116.923545837402,12609,116.924781799316,4279,0,4,10,114,0,116.927238464355,116.927703857422,116,0,0.00230097118182846,0.0949431103072447,0.0216521388210058,0.467517523793568,0.523598775598299,0.523598775598299
12.646811,12.628,0,1,0,116.935371398926,12634,116.936302185059,4279,0,4,10,114,0,116.937873840332,116.938179016113,116,0,0.00671116594699968,0.207386708710286,0.0328271888607527,0.463810739256893,0.523598775598299,0.523598775598299
12.6707195,12.652,0,1,0,116.941421508789,12657,116.941879272461,4279,0,4,10,122,0,116.943161010742,116.943466186523,116,0,0.0140934484886993,0.360585814760237,0.0438641806295899,0.460148591369325,0.523598775598299,0.523598775598299
12.6931108,12.676,0,1,0,116.949851989746,12681,116.950981140137,4279,0,4,10,103,0,116.953590393066,116.954330444336,116,0,0.0252148092008702,0.518001277723265,0.0543489393147883,0.452551981156468,0.523598775598299,0.523598775598299
12.7178209,12.699,0,1,0,116.966728210449,12703,116.968528747559,4279,0,4,10,117,0,116.975128173828,116.976036071777,116,0,0.0411298598751838,0.686891054626614,0.0650484553102906,0.451108681838335,0.523598775598299,0.523598775598299
12.7423155,12.723,0,1,0,116.989952087402,12729,116.993255615234,4279,0,4,10,115,0,116.998985290527,117.000419616699,117,0,0.0596335031290543,0.829091344208656,0.0763232141012501,0.493415589434562,0.523598775598299,0.523598775598299
12.7672808,12.748,0,1,0,117.03084564209,12753,117.032890319824,4279,0,4,10,115,0,117.047569274902,117.047569274902,117,0,0.0823555935496104,0.960396985272752,0.0895307886849455,0.559019003454097,0.523598775598299,0.523598775598299
12.7908494,12.773,0,1,0,117.084564208984,12778,117.086845397949,4279,0,4,10,117,0,117.098678588867,117.10115814209,117,0,0.104502441174709,1.01824836061633,0.103451664335008,0.654250725622262,0.523598775598299,0.523598775598299
12.8167837,12.797,0,1,0,117.155319213867,12802,117.15901184082,4279,0,4,10,114,0,117.185585021973,117.189002990723,117,0,0.131442978761951,1.09450139774668,0.122933220341155,0.768715622393429,0.523598775598299,0.523598775598299
12.8514176,12.835,0,1,0,117.292030334473,12839,117.296440124512,4279,0,4,10,110,0,117.314193725586,117.319160461426,117,0,0.169217255663635,1.16452777002328,0.151143127030372,0.872988058116192,0.523598775598299,0.523598775598299
12.8819386,12.866,0,1,0,117.470375061035,12870,117.475975036621,4279,0,4,10,112,0,117.497261047363,117.502952575684,117,0,0.205169930379705,1.22468606550112,0.179498761894438,0.95225559414925,0.523598775598299,0.523598775598299
12.9190534,12.897,0,1,0,117.691970825195,12902,117.699424743652,4279,0,4,10,117,0,117.767074584961,117.78101348877,117,0,0.245628673660188,1.30903791887744,0.216621096961271,1.04782322400675,0.523598775598299,0.523598775598299
12.9449235,12.925,0,1,0,118.220649719238,12930,118.248580932617,4279,0,4,10,117,0,118.408515930176,118.433601379395,118,0,0.283307076762629,1.37625528861759,0.245022751248973,1.13773348418206,0.523598775598299,0.523598775598299
12.9699231,12.95,0,1,0,118.398109436035,12956,118.331062316895,4279,0,4,10,112,0,117.329467773438,116.9794921875,116,0,0.314753682914285,1.30254155361365,0.274659260070924,1.22291491449704,0.523598775598299,0.523598775598299
12.9954323,12.976,0,1,0,70.491584777832,12981,68.4323348999023,4279,0,4,10,68,0,58.0048141479492,56.2133026123047,54,0,0.348213638850041,1.36754595077713,0.306266934205308,1.17376271102449,0.523598775598299,0.523598775598299
13.0223604,13.001,0,1,0,34.4255447387695,13009,32.5613555908203,4279,0,4,10,29,0,29.0841674804688,29.0841674804688,28,0,0.384453934963839,1.41009257427078,0.333694510692703,0.956371767693895,0.523598775598299,0.523598775598299
13.0548948,13.037,0,1,0,12.5762128829956,13042,12.2350931167603,4279,0,4,10,12,0,9.20546054840088,9.20546054840088,8,0,0.429035251611765,1.42314732700504,0.360907329869794,0.724540940430245,0.523598775598299,0.523598775598299
13.0838376,13.067,0,1,0,4.75274515151978,13071,4.71194887161255,4279,0,4,10,3,0,4.19416046142578,4.24211263656616,4,0,0.466234285717992,1.35019780705073,0.379798303272606,0.609989211586367,0.523598775598299,0.523598775598299
13.1186052,13.098,0,1,0,1.30982339382172,13104,1.29302155971527,4279,0,4,10,-1,0,1.02299678325653,0.905119299888611,1,0,0.500365358248448,1.06223222964411,0.401089956608459,0.609502282607309,0.523598775598299,0.523598775598299
13.1415896,13.124,0,1,0,-1.61234414577484,13128,-1.72409021854401,4279,0,4,10,0,0,-2.74581170082092,-2.939537525177,-4,0,0.520882351286418,0.820698794495797,0.415348308031856,0.637903845906351,0.523598775598299,0.523598775598299
13.163511,13.147,0,1,0,-6.64219379425049,13151,-6.93307828903198,4279,0,4,10,-3,0,-8.13065910339355,-8.33786869049072,-9,0,0.533345945187989,0.58748548658366,0.429054426371614,0.65388746464032,0.523598775598299,0.523598775598299
13.1867192,13.169,0,1,0,-9.6533670425415,13174,-9.6973237991333,4279,0,4,10,-7,0,-9.89263439178467,-9.96135997772217,-10,0,0.541399344324389,0.336818220265741,0.444171807036227,0.610914369278134,0.523598775598299,0.523598775598299
13.2120698,13.192,0,1,0,-8.56203651428223,13197,-8.46018505096436,4279,0,4,10,-5,0,-8.04861831665039,-8.04861831665039,-9,0,0.545042548695617,0.145244541455213,0.458790643944777,0.549264977917119,0.523598775598299,0.523598775598299
13.2364888,13.217,0,1,0,-7.10180997848511,13222,-6.99796295166016,4279,0,4,10,-1,0,-6.90373086929321,-6.93825101852417,-7,0,0.54580953908956,0.016529806009089,0.470901422265134,0.43352768373552,0.523598775598299,0.523598775598299
13.2623538,13.242,0,1,0,-7.69055223464966,13248,-7.81306886672974,4279,0,4,10,0,0,-8.51245975494385,-8.77065372467041,-9,0,0.545234296294103,-0.0277768839819146,0.480220355551539,0.318055835865152,0.523598775598299,0.523598775598299
13.2880254,13.268,0,1,0,-12.7610788345337,13273,-13.1141862869263,4279,0,4,10,-7,0,-15.5488576889038,-15.5488576889038,-16,0,0.544850801097131,-0.00391890898868041,0.486578705917325,0.192017290252295,0.523598775598299,0.523598775598299
13.3145483,13.293,0,1,0,-20.7764301300049,13298,-21.4473438262939,4279,0,4,10,-22,0,-23.4346027374268,-23.6591529846191,-24,0,0.545905412888803,0.0527908257458876,0.489554628645824,0.0367663508861824,0.523598775598299,0.523598775598299
13.340121,13.32,0,1,0,-25.9374866485596,13326,-26.368709564209,4279,0,4,10,-28,0,-29.1719303131104,-29.6423797607422,-31,0,0.548206384070631,0.10987806208459,0.48960064806946,1.34909896587487e-06,0.523598775598299,0.523598775598299
13.3659164,13.345,0,1,0,-35.6372451782227,13351,-36.1439399719238,4279,0,4,10,-40,0,-37.3185195922852,-37.5280494689941,-38,0,0.551945462241102,0.155936105984892,0.48960064806946,6.51408527119202e-09,0.523598775598299,0.523598775598299
13.3904979,13.371,0,1,0,-39.5730857849121,13376,-39.7813491821289,4279,0,4,10,-43,0,-40.1017684936523,-40.0934562683105,-41,0,0.556259783207031,0.181963998261494,0.48960064806946,0,0.523598775598299,0.523598775598299
13.4180513,13.396,0,1,0,-40.439525604248,13401,-40.5226249694824,4279,0,4,10,-40,0,-40.2061462402344,-40.0490417480469,-41,0,0.560861725570688,0.180392007148271,0.48960064806946,0,0.523598775598299,0.523598775598299
13.4454374,13.425,0,1,0,-38.3026580810547,13430,-38.1364707946777,4279,0,4,10,-35,0,-37.0448341369629,-36.8680839538574,-37,0,0.564696677540402,0.13745067291984,0.4896083179734,1.58166812980198e-08,0.523598775598299,0.523598775598299
13.4771246,13.456,0,1,0,-29.985408782959,13462,-29.2867374420166,4279,0,4,10,-29,0,-26.7723026275635,-26.1899394989014,-27,0,0.567381143919202,0.0738974321401429,0.489638997589157,0.000652085774049738,0.523598775598299,0.523598775598299
13.5075682,13.488,0,1,0,-17.034517288208,13493,-16.7097663879395,4279,0,4,10,-12,0,-13.8010425567627,-13.8010425567627,-14,0,0.56766876531693,-0.00533490089662791,0.489800065571885,0.0107945961906353,0.523598775598299,0.523598775598299
13.539021,13.522,0,1,0,-7.23119497299194,13527,-7.09686517715454,4279,0,4,10,-3,0,-6.07615423202515,-5.97617197036743,-6,0,0.565943036930559,-0.0727877005531354,0.490628415197344,0.0451259337933152,0.523598775598299,0.523598775598299
13.561693,13.544,0,1,0,-4.27170038223267,13548,-4.15265130996704,4279,0,4,10,-7,0,-3.74580931663513,-3.72520995140076,-4,0,0.563737939547973,-0.0971160872244354,0.491832590115834,0.0580058273644681,0.523598775598299,0.523598775598299
13.5860947,13.567,0,1,0,-4.25049257278442,13572,-4.34136152267456,4279,0,4,10,-1,0,-4.77749013900757,-4.77749013900757,-5,0,0.561436968366145,-0.100382265219991,0.493274532056446,0.0670039560316127,0.523598775598299,0.523598775598299
13.6127046,13.591,0,1,0,-6.8301854133606,13596,-7.20217370986938,4279,0,4,10,-7,0,-8.55403995513916,-8.73403835296631,-9,0,0.559327744782802,-0.0742949075719253,0.494724143900998,0.0339338400120255,0.523598775598299,0.523598775598299
13.6496356,13.63,0,1,0,-13.7503929138184,13635,-14.0533838272095,4279,0,4,10,-22,0,-16.1173439025879,-16.1173439025879,-17,0,0.558177259191888,-0.0165038468621788,0.494931231307363,-0.000222415128746434,0.523598775598299,0.523598775598299
13.6815506,13.661,0,1,0,-23.6874561309814,13667,-23.9530467987061,4279,0,4,10,-29,0,-25.8394641876221,-26.206563949585,-27,0,0.558848375786588,0.0285706534332348,0.494923561403423,-1.56657101797464e-05,0.523598775598299,0.523598775598299
13.7139925,13.692,0,1,0,-32.1205596923828,13697,-32.9293403625488,4279,0,4,10,-35,0,-33.9381141662598,-33.9381141662598,-35,0,0.560765851771445,0.0711977282815042,0.494908221595544,-0.000378158824503316,0.523598775598299,0.523598775598299
13.7400965,13.719,0,1,0,-36.2480621337891,13724,-36.4436264038086,4279,0,4,10,-38,0,-36.8724670410156,-36.8970375061035,-37,0,0.563162696752516,0.0921563901484888,0.494908221595544,-2.26748397835763e-10,0.523598775598299,0.523598775598299
13.7702814,13.745,0,1,0,-37.5358047485352,13750,-37.5382690429688,4279,0,4,10,-40,0,-37.2442588806152,-37.2207412719727,-38,0,0.565176046536616,0.0876365623266793,0.494908221595544,0,0.523598775598299,0.523598775598299
13.7924603,13.775,0,1,0,-34.9829711914063,13780,-34.9415016174316,4279,0,4,10,-33,0,-34.1430816650391,-34.1430816650391,-35,0,0.567189396320716,0.0618516544880094,0.494908221595544,0,0.523598775598299,0.523598775598299
13.815682,13.798,0,1,0,-31.2744922637939,13802,-31.0045623779297,4279,0,4,10,-33,0,-29.8490371704102,-29.4923934936523,-30,0,0.568148134313144,0.0403705424203054,0.494915891499484,2.24573454943311e-07,0.523598775598299,0.523598775598299
13.8537375,13.834,0,1,0,-22.5756149291992,13839,-22.4529609680176,4279,0,4,10,-29,0,-21.4422931671143,-21.1924362182617,-21,0,0.568244008112387,-0.00397085257350227,0.494923561403423,1.32102059069439e-07,0.523598775598299,0.523598775598299
13.8838035,13.865,0,1,0,-16.5522308349609,13870,-16.5673503875732,4279,0,4,10,-19,0,-15.7126150131226,-15.7126150131226,-16,0,0.567285270119959,-0.032653547191444,0.494938901211302,0.000222432444161313,0.523598775598299,0.523598775598299
13.922104,13.896,0,1,0,-12.7168216705322,13902,-12.6588640213013,4279,0,4,10,-7,0,-12.0963745117188,-12.1373109817505,-13,0,0.565463667934344,-0.0487029002003965,0.494938901211302,2.8421709430404e-13,0.523598775598299,0.523598775598299
13.9477887,13.927,0,1,0,-12.2005681991577,13932,-12.2110252380371,4279,0,4,10,-10,0,-12.2872858047485,-12.3090600967407,-13,0,0.564217308544187,-0.0533474783035217,0.494938901211302,0.00175079231820519,0.523598775598299,0.523598775598299
13.972718,13.953,0,1,0,-12.656476020813,13958,-12.9613199234009,4279,0,4,10,-10,0,-13.6024627685547,-13.6024627685547,-14,0,0.563162696752516,-0.0348088380490026,0.494938901211302,-4.24358477744136e-05,0.523598775598299,0.523598775598299
13.9994372,13.978,0,1,0,-16.3048343658447,13985,-16.4378814697266,4279,0,4,10,-14,0,-17.2085857391357,-17.2085857391357,-18,0,0.562683327756302,-0.0142046834375833,0.494938901211302,-2.5465851649642e-11,0.523598775598299,0.523598775598299
14.0256913,14.007,0,1,0,-20.2367496490479,14012,-20.4758853912354,4279,0,4,10,-19,0,-20.9026279449463,-20.9649200439453,-22,0,0.562587453957059,-0.00166489150069538,0.494938901211302,0,0.523598775598299,0.523598775598299
14.0542481,14.036,0,1,0,-23.3227138519287,14041,-23.614725112915,4279,0,4,10,-17,0,-23.9756565093994,-23.9756565093994,-25,0,0.56297094915403,0.0151800634595247,0.494931231307363,-0.0018577621999043,0.523598775598299,0.523598775598299
14.0858578,14.067,0,1,0,-25.8962020874023,14072,-26.1524276733398,4279,0,4,10,-28,0,-26.1010570526123,-26.3692722320557,-27,0,0.563737939547973,0.0230544767799756,0.494931231307363,-1.14427276685092e-05,0.523598775598299,0.523598775598299
14.1184783,14.098,0,1,0,-27.184700012207,14103,-27.1916809082031,4279,0,4,10,-24,0,-26.9652652740479,-26.8903408050537,-27,0,0.564696677540402,0.0269758174640629,0.494938901211302,0.00174179265394514,0.523598775598299,0.523598775598299
14.1431646,14.124,0,1,0,-26.2105560302734,14129,-26.2270240783691,4279,0,4,10,-24,0,-25.9552879333496,-25.5938873291016,-26,0,0.565271920335859,0.0222014617122568,0.494938901211302,0.000168859230086582,0.523598775598299,0.523598775598299
14.16882,14.148,0,1,0,-24.7729759216309,14153,-24.6949100494385,4279,0,4,10,-24,0,-24.1061134338379,-24.1061134338379,-25,0,0.565559541733587,0.0097793507671895,0.494938901211302,1.12437419375055e-08,0.523598775598299,0.523598775598299
14.2085298,14.185,0,1,0,-22.007740020752,14189,-21.9475383758545,4279,0,4,10,-19,0,-21.6890048980713,-21.6595039367676,-22,0,0.565559541733587,-0.00790304195106728,0.494938901211302,0,0.523598775598299,0.523598775598299
14.2394904,14.222,0,1,0,-20.1096801757813,14226,-20.3472118377686,4279,0,4,10,-24,0,-20.0942783355713,-20.0942783355713,-20,0,0.565367794135102,-0.0076357476366411,0.494938901211302,0,0.523598775598299,0.523598775598299
14.2705695,14.252,0,1,0,-19.4039497375488,14256,-19.5987510681152,4279,0,4,10,-15,0,-19.3575019836426,-19.3504447937012,-20,0,0.565080172737373,-0.00711868048938413,0.494938901211302,0,0.523598775598299,0.523598775598299
14.3048572,14.284,0,1,0,-20.1231460571289,14291,-20.2497482299805,4279,0,4,10,-17,0,-19.7133178710938,-19.674129486084,-20,0,0.564792551339644,-0.00556277375665104,0.494938901211302,0,0.523598775598299,0.523598775598299
14.3361683,14.317,0,1,0,-20.6784553527832,14321,-20.5049362182617,4279,0,4,10,-19,0,-21.3495788574219,-21.5640563964844,-22,0,0.564792551339644,0.000956012216420277,0.494938901211302,0,0.523598775598299,0.523598775598299
14.3646503,14.345,0,1,0,-21.5344753265381,14350,-21.5247383117676,4279,0,4,10,-22,0,-21.4884815216064,-21.4831829071045,-22,0,0.564792551339644,0.000140785708254043,0.494938901211302,0,0.523598775598299,0.523598775598299
14.3959862,14.376,0,1,0,-21.4372692108154,14382,-21.4368286132813,4279,0,4,10,-21,0,-21.4349498748779,-21.4347343444824,-22,0,0.564792551339644,5.73114652979712e-06,0.494938901211302,0,0.523598775598299,0.523598775598299
14.4265128,14.409,0,1,0,-21.4328670501709,14413,-21.4328498840332,4279,0,4,10,-24,0,-21.4327812194824,-21.4327735900879,-22,0,0.564792551339644,2.57852775575884e-07,0.494938901211302,0,0.523598775598299,0.523598775598299
14.4514289,14.431,0,1,0,-21.4327182769775,14436,-21.4327049255371,4279,0,4,10,-22,0,-21.4326972961426,-21.4326972961426,-22,0,0.564792551339644,2.33686705541913e-08,0.494938901211302,0,0.523598775598299,0.523598775598299
14.4759047,14.456,0,1,0,-21.4327049255371,14461,-21.4327068328857,4279,0,4,10,-21,0,-21.4327068328857,-21.4327030181885,-22,0,0.564792551339644,1.91619164979784e-09,0.494938901211302,0,0.523598775598299,0.523598775598299
14.5000492,14.481,0,1,0,-21.4326992034912,14486,-21.4326992034912,4279,0,4,10,-14,0,-21.4326992034912,-21.4326992034912,-22,0,0.564792551339644,1.73599801200908e-10,0.494938901211302,0,0.523598775598299,0.523598775598299
14.5255307,14.507,0,1,0,-21.4326992034912,14512,-21.4326992034912,4279,0,4,10,-17,0,-21.4326992034912,-21.4326992034912,-22,0,0.564792551339644,1.28466126625426e-11,0.494938901211302,0,0.523598775598299,0.523598775598299
14.5553175,14.531,0,1,0,-21.4326992034912,14536,-21.4326992034912,4279,0,4,10,-22,0,-21.4326992034912,-21.4326992034912,-22,0,0.564792551339644,7.95807864051312e-13,0.494938901211302,0,0.523598775598299,0.523598775598299
14.5864856,14.561,0,1,0,-21.4326992034912,14567,-21.4326992034912,4279,0,4,10,-21,0,-21.4326992034912,-21.4326992034912,-22,0,0.564792551339644,0,0.494938901211302,0,0.523598775598299,0.523598775598299
14.6156644,14.592,0,1,0,-21.4326992034912,14600,-21.4326992034912,4279,0,4,10,-19,0,-21.4326992034912,-21.4326992034912,-22,0,0.564792551339644,0,0.494938901211302,0,0.523598775598299,0.523598775598299
14.6448867,14.626,0,1,0,-21.4326992034912,14631,-21.4326992034912,4279,0,4,10,-17,0,-21.4326992034912,-21.4326992034912,-22,0,0.564792551339644,0,0.494938901211302,0,0.523598775598299,0.523598775598299
14.6751898,14.656,0,1,0,-21.4326992034912,14661,-21.4326992034912,4279,0,4,10,-19,0,-21.4326992034912,-21.4326992034912,-22,0,0.564792551339644,0,0.494938901211302,0,0.523598775598299,0.523598775598299
14.7088857,14.689,0,1,0,-21.4326992034912,14694,-21.4326992034912,4279,0,4,10,-17,0,-21.4326992034912,-21.4326992034912,-22,0,0.564792551339644,0,0.494938901211302,0,0.523598775598299,0.523598775598299
14.740337,14.722,0,1,0,-21.4326992034912,14727,-21.4326992034912,4279,0,4,10,-22,0,-21.4326992034912,-21.4326992034912,-22,0,0.564792551339644,0,0.494938901211302,0,0.523598775598299,0.523598775598299
14.7648657,14.745,0,1,0,-21.4326992034912,14750,-21.4326992034912,4279,0,4,10,-19,0,-21.4326992034912,-21.4326992034912,-22,0,0.564792551339644,0,0.494938901211302,0,0.523598775598299,0.523598775598299
14.7872971,14.77,0,1,0,-21.4326992034912,14774,-21.4326992034912,4279,0,4,10,-28,0,-21.4326992034912,-21.4326992034912,-22,0,0.564792551339644,0,0.494938901211302,0,0.523598775598299,0.523598775598299
14.8117475,14.792,0,1,0,-21.4326992034912,14796,-21.4326992034912,4279,0,4,10,-17,0,-21.4326992034912,-21.4326992034912,-22,0,0.564792551339644,0,0.494938901211302,0,0.523598775598299,0.523598775598299
14.8443054,14.828,0,1,0,-21.4326992034912,14833,-21.4326992034912,4279,0,4,10,-14,0,-21.4326992034912,-21.4326992034912,-22,0,0.564792551339644,0,0.494938901211302,0,0.523598775598299,0.523598775598299
14.8767287,14.86,0,1,0,-21.4326992034912,14864,-21.4326992034912,4279,0,4,10,-12,0,-21.4326992034912,-21.4326992034912,-22,0,0.564792551339644,0,0.494938901211302,0,0.523598775598299,0.523598775598299
14.9150174,14.892,0,1,0,-21.4326992034912,14898,-21.4326992034912,4279,0,4,10,-24,0,-21.4326992034912,-21.4326992034912,-22,0,0.564792551339644,0,0.494938901211302,0,0.523598775598299,0.523598775598299
14.939378,14.92,0,1,0,-21.4326992034912,14925,-21.4326992034912,4279,0,4,10,-24,0,-21.4326992034912,-21.4326992034912,-22,0,0.564792551339644,0,0.494938901211302,0,0.523598775598299,0.523598775598299
14.9623557,14.945,0,1,0,-21.4326992034912,14950,-21.4326992034912,4279,0,4,10,-22,0,-21.4326992034912,-21.4326992034912,-22,0,0.564792551339644,0,0.494938901211302,0,0.523598775598299,0.523598775598299
14.9860532,14.967,0,1,0,-21.4326992034912,14972,-21.4326992034912,4279,0,4,10,-19,0,-21.4326992034912,-21.4326992034912,-22,0,0.564792551339644,0,0.494938901211302,0,0.523598775598299,0.523598775598299
15.0106589,14.991,0,1,0,-21.4326992034912,14995,-21.4326992034912,4279,0,4,10,-12,0,-21.4326992034912,-21.4326992034912,-22,0,0.564792551339644,0,0.494938901211302,0,0.523598775598299,0.523598775598299
15.0489494,15.03,0,1,0,-21.4326992034912,15035,-21.4326992034912,4279,0,4,10,-22,0,-21.4326992034912,-21.4326992034912,-22,0,0.564792551339644,0,0.494938901211302,0,0.523598775598299,0.523598775598299
15.0817056,15.063,0,1,0,-21.4326992034912,15068,-21.4326992034912,4279,0,4,10,-15,0,-21.4326992034912,-21.4326992034912,-22,0,0.564792551339644,0,0.494938901211302,0,0.523598775598299,0.523598775598299
15.1124361,15.092,0,1,0,-21.4326992034912,15097,-21.4326992034912,4279,0,4,10,-17,0,-21.4326992034912,-21.4326992034912,-22,0,0.564792551339644,0,0.494938901211302,0,0.523598775598299,0.523598775598299
15.1357188,15.117,0,1,0,-21.4326992034912,15122,-21.4326992034912,4279,0,4,10,-19,0,-21.4326992034912,-21.4326992034912,-22,0,0.564792551339644,0,0.494938901211302,0,0.523598775598299,0.523598775598299
15.1575158,15.141,0,1,0,-21.4326992034912,15145,-21.4326992034912,4279,0,4,10,-24,0,-21.4326992034912,-21.4326992034912,-22,0,0.564792551339644,0,0.494938901211302,0,0.523598775598299,0.523598775598299
15.182399,15.162,0,1,0,-21.4326992034912,15169,-21.4326992034912,4279,0,4,10,-19,0,-21.4326992034912,-21.4326992034912,-22,0,0.564792551339644,0,0.494938901211302,0,0.523598775598299,0.523598775598299
15.2042565,15.187,0,1,0,-21.4326992034912,15192,-21.4326992034912,4279,0,4,10,-21,0,-21.4326992034912,-21.4326992034912,-22,0,0.564792551339644,0,0.494938901211302,0,0.523598775598299,0.523598775598299
15.2270509,15.209,0,1,0,-21.4326992034912,15213,-21.4326992034912,4279,0,4,10,-17,0,-21.4326992034912,-21.4326992034912,-22,0,0.564792551339644,0,0.494938901211302,0,0.523598775598299,0.523598775598299
15.2499992,15.232,0,1,0,-21.4326992034912,15236,-21.4326992034912,4279,0,4,10,-22,0,-21.4326992034912,-21.4326992034912,-22,0,0.564792551339644,0,0.494938901211302,0,0.523598775598299,0.523598775598299
15.2719109,15.254,0,1,0,-21.4326992034912,15259,-21.4326992034912,4279,0,4,10,-24,0,-21.4326992034912,-21.4326992034912,-22,0,0.564792551339644,0,0.494938901211302,0,0.523598775598299,0.523598775598299
15.2943383,15.276,0,1,0,-21.4326992034912,15281,-21.4326992034912,4279,0,4,10,-24,0,-21.4326992034912,-21.4326992034912,-22,0,0.564792551339644,0,0.494938901211302,0,0.523598775598299,0.523598775598299
15.3201223,15.299,0,1,0,-21.4326992034912,15304,-21.4326992034912,4279,0,4,10,-24,0,-21.4326992034912,-21.4326992034912,-22,0,0.564792551339644,0,0.494938901211302,0,0.523598775598299,0.523598775598299
15.344506,15.325,0,1,0,-21.4326992034912,15330,-21.4326992034912,4279,0,4,10,-22,0,-21.4326992034912,-21.4326992034912,-22,0,0.564792551339644,0,0.494938901211302,0,0.523598775598299,0.523598775598299
15.3737341,15.355,0,1,0,-21.4326992034912,15360,-21.4326992034912,4279,0,4,10,-21,0,-21.4326992034912,-21.4326992034912,-22,0,0.564792551339644,0,0.494938901211302,0,0.523598775598299,0.523598775598299
15.4063865,15.387,0,1,0,-21.4326992034912,15392,-21.4326992034912,4279,0,4,10,-24,0,-21.4326992034912,-21.4326992034912,-22,0,0.564792551339644,0,0.494938901211302,0,0.523598775598299,0.523598775598299
15.4398351,15.422,0,1,0,-21.4326992034912,15426,-21.4326992034912,4279,0,4,10,-22,0,-21.4326992034912,-21.4326992034912,-22,0,0.564792551339644,0,0.494938901211302,0,0.523598775598299,0.523598775598299
15.4626571,15.445,0,1,0,-21.4326992034912,15450,-21.4326992034912,4279,0,4,10,-19,0,-21.4326992034912,-21.4326992034912,-22,0,0.564792551339644,0,0.494938901211302,0,0.523598775598299,0.523598775598299
15.484896,15.467,0,1,0,-21.4326992034912,15472,-21.4326992034912,4279,0,4,10,-22,0,-21.4326992034912,-21.4326992034912,-22,0,0.564792551339644,0,0.494938901211302,0,0.523598775598299,0.523598775598299
15.5096187,15.489,0,1,0,-21.4326992034912,15494,-21.4326992034912,4279,0,4,10,-17,0,-21.4326992034912,-21.4326992034912,-22,0,0.564792551339644,0,0.494938901211302,0,0.523598775598299,0.523598775598299
15.5356959,15.515,0,1,0,-21.4326992034912,15520,-21.4326992034912,4279,0,4,10,-24,0,-21.4326992034912,-21.4326992034912,-22,0,0.564792551339644,0,0.494938901211302,0,0.523598775598299,0.523598775598299
15.5610234,15.54,0,1,0,-21.4326992034912,15546,-21.4326992034912,4279,0,4,10,-19,0,-21.4326992034912,-21.4326992034912,-22,0,0.564792551339644,0,0.494938901211302,0,0.523598775598299,0.523598775598299
15.5878972,15.567,0,1,0,-21.4326992034912,15572,-21.4326992034912,4279,0,4,10,-14,0,-21.4326992034912,-21.4326992034912,-22,0,0.564792551339644,0,0.494938901211302,0,0.523598775598299,0.523598775598299
15.615996,15.593,0,1,0,-21.4326992034912,15599,-21.4326992034912,4279,0,4,10,-24,0,-21.4326992034912,-21.4326992034912,-22,0,0.564792551339644,0,0.494938901211302,0,0.523598775598299,0.523598775598299
15.640644,15.621,0,1,0,-21.4326992034912,15625,-21.4326992034912,4279,0,4,10,-22,0,-21.4326992034912,-21.4326992034912,-22,0,0.564792551339644,0,0.494938901211302,0,0.523598775598299,0.523598775598299
15.6640194,15.645,0,1,0,-21.4326992034912,15650,-21.4326992034912,4279,0,4,10,-31,0,-21.4326992034912,-21.4326992034912,-22,0,0.564792551339644,0,0.494938901211302,0,0.523598775598299,0.523598775598299
15.6882027,15.669,0,1,0,-21.4326992034912,15673,-21.4326992034912,4279,0,4,10,-21,0,-21.4326992034912,-21.4326992034912,-22,0,0.564792551339644,0,0.494938901211302,0,0.523598775598299,0.523598775598299
15.7145832,15.693,0,1,0,-21.4326992034912,15698,-21.4326992034912,4279,0,4,10,-19,0,-21.4326992034912,-21.4326992034912,-22,0,0.564792551339644,0,0.494938901211302,0,0.523598775598299,0.523598775598299
15.7515417,15.731,0,1,0,-21.4326992034912,15736,-21.4326992034912,4279,0,4,10,-22,0,-21.4326992034912,-21.4326992034912,-22,0,0.564792551339644,0,0.494938901211302,0,0.523598775598299,0.523598775598299
15.7835258,15.763,0,1,0,-21.4326992034912,15768,-21.4326992034912,4279,0,4,10,-22,0,-21.4326992034912,-21.4326992034912,-22,0,0.564792551339644,0,0.494938901211302,0,0.523598775598299,0.523598775598299
15.8167498,15.794,0,1,0,-21.4326992034912,15799,-21.4326992034912,4279,0,4,10,-19,0,-21.4326992034912,-21.4326992034912,-22,0,0.564792551339644,0,0.494938901211302,0,0.523598775598299,0.523598775598299
15.8428934,15.822,0,1,0,-21.4326992034912,15828,-21.4326992034912,4279,0,4,10,-19,0,-21.4326992034912,-21.4326992034912,-22,0,0.564792551339644,0,0.494938901211302,0,0.523598775598299,0.523598775598299
15.8667224,15.848,0,1,0,-21.4326992034912,15852,-21.4326992034912,4279,0,4,10,-24,0,-21.4326992034912,-21.4326992034912,-22,0,0.564792551339644,0,0.494938901211302,0,0.523598775598299,0.523598775598299
15.8905659,15.871,0,1,0,-21.4326992034912,15876,-21.4326992034912,4279,0,4,10,-17,0,-21.4326992034912,-21.4326992034912,-22,0,0.564792551339644,0,0.494938901211302,0,0.523598775598299,0.523598775598299
15.9161168,15.895,0,1,0,-21.4326992034912,15900,-21.4326992034912,4279,0,4,10,-21,0,-21.4326992034912,-21.4326992034912,-22,0,0.564792551339644,0,0.494938901211302,0,0.523598775598299,0.523598775598299
15.9584569,15.933,0,1,0,-21.4326992034912,15940,-21.4326992034912,4279,0,4,10,-22,0,-21.4326992034912,-21.4326992034912,-22,0,0.564792551339644,0,0.494938901211302,0,0.523598775598299,0.523598775598299
15.9838681,15.964,0,1,0,-21.4326992034912,15969,-21.4326992034912,4279,0,4,10,-21,0,-21.4326992034912,-21.4326992034912,-22,0,0.564792551339644,0,0.494938901211302,0,0.523598775598299,0.523598775598299
16.0199979,15.996,0,1,0,-21.4326992034912,16003,-21.4326992034912,4279,0,4,10,-14,0,-21.4326992034912,-21.4326992034912,-22,0,0.564792551339644,0,0.494938901211302,0,0.523598775598299,0.523598775598299
16.0474592,16.025,0,1,0,-21.4326992034912,16031,-21.4326992034912,4279,0,4,10,-24,0,-21.4326992034912,-21.4326992034912,-22,0,0.564792551339644,0,0.494938901211302,0,0.523598775598299,0.523598775598299
16.0707608,16.052,0,1,0,-21.4326992034912,16057,-21.4326992034912,4279,0,4,10,-24,0,-21.4326992034912,-21.4326992034912,-22,0,0.564792551339644,0,0.494938901211302,0,0.523598775598299,0.523598775598299
16.0937557,16.075,0,1,0,-21.4326992034912,16080,-21.4326992034912,4279,0,4,10,-19,0,-21.4326992034912,-21.4326992034912,-22,0,0.564792551339644,0,0.494938901211302,0,0.523598775598299,0.523598775598299
16.1187805,16.098,0,1,0,-21.4326992034912,16103,-21.4326992034912,4279,0,4,10,-22,0,-21.4326992034912,-21.4326992034912,-22,0,0.564792551339644,0,0.494938901211302,0,0.523598775598299,0.523598775598299
16.1560966,16.135,0,1,0,-21.4326992034912,16141,-21.4326992034912,4279,0,4,10,-19,0,-21.4326992034912,-21.4326992034912,-22,0,0.564792551339644,0,0.494938901211302,0,0.523598775598299,0.523598775598299
16.1881736,16.168,0,1,0,-21.4326992034912,16173,-21.4326992034912,4279,0,4,10,-17,0,-21.4326992034912,-21.4326992034912,-22,0,0.564792551339644,0,0.494938901211302,0,0.523598775598299,0.523598775598299
16.2223601,16.199,0,1,0,-21.4326992034912,16204,-21.4326992034912,4279,0,4,10,-19,0,-21.4326992034912,-21.4326992034912,-22,0,0.564792551339644,0,0.494938901211302,0,0.523598775598299,0.523598775598299
16.2486858,16.227,0,1,0,-21.4326992034912,16233,-21.4326992034912,4279,0,4,10,-21,0,-21.4326992034912,-21.4326992034912,-22,0,0.564792551339644,0,0.494938901211302,0,0.523598775598299,0.523598775598299
16.2729128,16.253,0,1,0,-21.4326992034912,16258,-21.4326992034912,4279,0,4,10,-15,0,-21.4326992034912,-21.4326992034912,-22,0,0.564792551339644,0,0.494938901211302,0,0.523598775598299,0.523598775598299
16.2967641,16.277,0,1,0,-21.4326992034912,16282,-21.4326992034912,4279,0,4,10,-24,0,-21.4326992034912,-21.4326992034912,-22,0,0.564792551339644,0,0.494938901211302,0,0.523598775598299,0.523598775598299
16.3227783,16.301,0,1,0,-21.4326992034912,16308,-21.4326992034912,4279,0,4,10,-22,0,-21.4326992034912,-21.4326992034912,-22,0,0.564792551339644,0,0.494938901211302,0,0.523598775598299,0.523598775598299
16.3482114,16.327,0,1,0,-21.4326992034912,16332,-21.4326992034912,4279,0,4,10,-24,0,-21.4326992034912,-21.4326992034912,-22,0,0.564792551339644,0,0.494938901211302,0,0.523598775598299,0.523598775598299
16.3709404,16.352,0,1,0,-21.4326992034912,16357,-21.4326992034912,4279,0,4,10,-29,0,-21.4326992034912,-21.4326992034912,-22,0,0.564792551339644,0,0.494938901211302,0,0.523598775598299,0.523598775598299
16.3974899,16.376,0,1,0,-21.4326992034912,16381,-21.4326992034912,4279,0,4,10,-14,0,-21.4326992034912,-21.4326992034912,-22,0,0.564792551339644,0,0.494938901211302,0,0.523598775598299,0.523598775598299
16.427322,16.402,0,1,0,-21.4326992034912,16411,-21.4326992034912,4279,0,4,10,-19,0,-21.4326992034912,-21.4326992034912,-22,0,0.564792551339644,0,0.494938901211302,0,0.523598775598299,0.523598775598299
16.4522153,16.432,0,1,0,-21.4326992034912,16437,-21.4326992034912,4279,0,4,10,-19,0,-21.4326992034912,-21.4326992034912,-22,0,0.564792551339644,0,0.494938901211302,0,0.523598775598299,0.523598775598299
16.4770204,16.457,0,1,0,-21.4326992034912,16461,-21.4326992034912,4279,0,4,10,-21,0,-21.4326992034912,-21.4326992034912,-22,0,0.564792551339644,0,0.494938901211302,0,0.523598775598299,0.523598775598299
16.5001344,16.481,0,1,0,-21.4326992034912,16485,-21.4326992034912,4279,0,4,10,-17,0,-21.4326992034912,-21.4326992034912,-22,0,0.564792551339644,0,0.494938901211302,0,0.523598775598299,0.523598775598299
16.5232926,16.506,0,1,0,-21.4326992034912,16511,-21.4326992034912,4279,0,4,10,-17,0,-21.4326992034912,-21.4326992034912,-22,0,0.564792551339644,0,0.494938901211302,0,0.523598775598299,0.523598775598299
16.5459896,16.528,0,1,0,-21.4326992034912,16532,-21.4326992034912,4279,0,4,10,-19,0,-21.4326992034912,-21.4326992034912,-22,0,0.564792551339644,0,0.494938901211302,0,0.523598775598299,0.523598775598299
