time_s,controller_clock_s,target_angle_deg,link_angle_deg,link_velocity_rad_s,motor_angle_deg,motor_velocity_rad_s,tracking_error_deg,policy_output_raw,safe_command_raw,pre_integer_command_raw,pdo_command_raw,actual_torque_raw,fault_code,armed
0,12.541,30,0.0054931640625,0.00454371772695,0.170947265625,0.225396135135,29.9945068359,116.920188904,116.916419983,116.91594696,116,96,0,1
0.031,12.572,30,0.0823974609375,0.0694760276706,0.88857421875,0.451574188745,29.9176025391,116.916557312,116.918907166,116.919090271,116,110,0,1
0.06,12.601,30,0.401000976562,0.267829736808,1.61982421875,0.510375684045,29.5989990234,116.924415588,116.925132751,116.925102234,116,115,0,1
0.086,12.627,30,1.06018066406,0.496631584594,2.35678710938,0.520719385857,28.9398193359,116.928138733,116.931053162,116.931396484,116,117,0,1
0.11,12.651,30,1.99951171875,0.712587301738,3.12495117188,0.552966399201,28.0004882813,116.939430237,116.943939209,116.944519043,116,121,0,1
0.135,12.676,30,3.25744628906,0.911620235494,4.01879882812,0.599996521342,26.7425537109,116.966621399,116.981895447,116.983833313,116,108,0,1
0.163,12.704,30,4.68566894531,1.05782819672,4.94868164062,0.693674123226,25.3143310547,117.021690369,117.040626526,117.043510437,117,114,0,1
0.187,12.728,30,6.23474121094,1.09130525112,6.0029296875,0.771211456228,23.7652587891,117.090278625,117.112968445,117.115653992,117,119,0,1
0.213,12.754,30,7.66845703125,1.14954588667,7.13540039063,0.859132681579,22.3315429688,117.16960144,117.190925598,117.19467926,117,119,0,1
0.238,12.779,30,9.56359863281,1.17702379874,8.73588867187,0.934325883116,20.4364013672,117.264762878,117.301933289,117.311485291,117,112,0,1
0.279,12.82,30,12.0300292969,1.21910559984,10.7323242188,1.00403527192,17.9699707031,117.488227844,117.527297974,117.532913208,117,114,0,1
0.309,12.85,30,14.1668701172,1.26329868646,12.5828613281,1.07247698203,15.8331298828,117.729782104,117.823204041,117.837913513,117,112,0,1
0.344,12.885,30,16.6662597656,1.26696581703,14.8904296875,1.16217017781,13.3337402344,118.395957947,118.535438538,118.546562195,118,119,0,1
0.371,12.912,30,18.369140625,1.25486414085,16.6038574219,1.20581813509,11.630859375,116.580413818,109.061714172,106.667724609,103,114,0,1
0.396,12.937,30,20.0006103516,1.23790273737,18.1256835938,1.08677035267,9.99938964844,61.7293701172,54.8030014038,53.8182983398,53,59,0,1
0.418,12.959,30,21.6156005859,1.22858794155,19.4642578125,0.877711602821,8.38439941406,40.8698959351,35.0058097839,34.1345214844,33,36,0,1
0.448,12.989,30,23.4997558594,1.05636730099,20.858203125,0.652853360374,6.50024414063,32.2757492065,32.0571250916,31.8657951355,31,33,0,1
0.479,13.02,30,25.0103759766,0.939512497047,21.800390625,0.536244534799,4.98962402344,23.6774597168,24.0995750427,24.3263206482,24,22,0,1
0.51,13.051,30,26.2408447266,0.634892235559,22.7491699219,0.515356421924,3.75915527344,29.6099281311,30.9471626282,31.1548042297,31,28,0,1
0.544,13.085,30,26.89453125,0.286533326193,23.7098144531,0.49539914521,3.10546875,38.6333465576,41.3273544312,41.7704467773,42,45,0,1
0.568,13.109,30,27.0538330078,0.103258539084,24.4085449219,0.52019605733,2.94616699219,50.136882782,52.169631958,52.4173431396,52,54,0,1
0.592,13.133,30,27.0977783203,0.0415304808771,25.1112304688,0.486782663726,2.90222167969,49.5913314819,46.2776107788,45.8121414185,45,56,0,1
0.617,13.158,30,27.2296142578,0.113031509437,25.7352539063,0.349323355169,2.77038574219,33.7747421265,26.9721450806,26.0932636261,26,24,0,1
0.642,13.183,30,27.5592041016,0.262345853781,26.0978027344,0.157397288026,2.44079589844,5.8359246254,-0.462112545967,-1.50376117229,-3,7,0,1
0.668,13.209,30,28.0920410156,0.40164685036,26.1716308594,-0.0168065601814,1.90795898438,-18.2499675751,-21.4123020172,-21.6093940735,-22,-21,0,1
0.691,13.232,30,28.6743164062,0.465864991642,26.1628417969,0.00016356417467,1.32568359375,-26.4189243317,-28.3819904327,-28.6460494995,-29,-17,0,1
0.715,13.256,30,29.2181396484,0.419972250091,26.1645996094,0.00393750692848,0.781860351562,-27.6618156433,-25.4243335724,-25.4243335724,-26,-17,0,1
0.759,13.3,30,29.7125244141,0.0660199682004,26.2291992188,0.0805833999208,0.287475585937,7.97080469131,19.0400104523,19.0400104523,21,5,0,1
0.79,13.331,30,29.4818115234,-0.180637573086,26.4875976563,0.214932872599,0.518188476562,40.6108474731,45.1745758057,45.1745758057,45,43,0,1
0.821,13.362,30,29.0643310547,-0.228995658014,26.9556152344,0.261951429282,0.935668945313,46.1798095703,43.6320533752,43.2440605164,42,40,0,1
0.854,13.395,30,28.8720703125,-0.0561483364337,27.3638671875,0.159619563238,1.1279296875,28.3674221039,19.3915672302,19.3915672302,17,35,0,1
0.879,13.42,30,29.0093994141,0.132302340843,27.4732910156,0.00545130217733,0.990600585938,-2.6348285675,-9.83780574799,-10.7441272736,-11,14,0,1
0.903,13.444,30,29.3334960938,0.286363614857,27.4495605469,-0.020488109495,0.66650390625,-29.5202350616,-35.4678077698,-36.4263839722,-38,-43,0,1
0.926,13.467,30,29.8223876953,0.373222260561,27.4412109375,0.000198246965283,0.177612304687,-44.4840583801,-46.4211425781,-46.6791305542,-48,-49,0,1
0.961,13.502,30,30.5529785156,0.302818699668,27.4420898438,0.00190341785043,-0.552978515625,-46.8452606201,-45.482257843,-44.8173027039,-44,-49,0,1
0.991,13.532,30,30.7836914063,0.15244476974,27.446484375,0.00479071961678,-0.78369140625,-33.8584823608,-27.6664409637,-27.6664409637,-27,-33,0,1
1.022,13.563,30,30.7122802734,-0.0881370526091,27.4680175781,0.0202414636465,-0.712280273438,1.59461867809,10.0819978714,11.4518957138,12,-7,0,1
1.055,13.596,30,30.3057861328,-0.244274923417,27.6020507813,0.112912622923,-0.305786132813,30.4691333771,32.1212234497,32.2700386047,32,28,0,1
1.08,13.621,30,29.8883056641,-0.215614512048,27.8687988281,0.146348816877,0.111694335938,31.7315406799,28.0439739227,27.5756034851,27,22,0,1
1.113,13.654,30,29.7344970703,-0.0755437099464,28.0401855469,0.0761968940503,0.265502929688,16.153175354,7.00317192078,5.68021154404,4,8,0,1
1.14,13.681,30,29.8388671875,0.101692227706,28.0529296875,-0.0155018415305,0.1611328125,-12.2292366028,-20.7711257935,-21.9092464447,-24,-19,0,1
1.164,13.705,30,30.146484375,0.234440992957,28.0393066406,-0.014990320219,-0.146484375,-40.5181312561,-44.3462219238,-44.834564209,-46,-43,0,1
1.188,13.729,30,30.5310058594,0.288488459683,28.0177734375,-0.00872583820558,-0.531005859375,-49.6502876282,-50.363571167,-50.5223121643,-51,-45,0,1
1.213,13.754,30,30.8825683594,0.273101335203,28.0168945313,9.36212302349e-07,-0.882568359375,-51.0188827515,-50.3623695374,-50.2346343994,-51,-40,0,1
1.236,13.777,30,31.1462402344,0.165800629711,28.0182128906,0.000225696880534,-1.14624023437,-45.9914321899,-42.5599975586,-42.201210022,-43,-43,0,1
1.262,13.803,30,31.201171875,0.0218497850254,28.0221679688,0.00706063196105,-1.201171875,-31.7776298523,-23.692855835,-22.5311775208,-22,-31,0,1
1.286,13.827,30,31.0748291016,-0.102095666569,28.0437011719,0.018852940617,-1.07482910156,-6.03155183792,-1.26875913143,-0.671546339989,0,-5,0,1
1.311,13.852,30,30.8221435547,-0.193323820773,28.0801757813,0.0296807885973,-0.822143554688,11.2572860718,15.3299436569,15.3299436569,15,12,0,1
1.339,13.88,30,30.5200195313,-0.192249394471,28.142578125,0.0381293363026,-0.52001953125,18.8397521973,18.9695110321,19.0086402893,19,26,0,1
1.378,13.919,30,30.2728271484,-0.0801382355691,28.1913574219,-0.000833992512071,-0.272827148438,8.13136577606,4.58633422852,4.08365392685,4,3,0,1
1.408,13.949,30,30.3112792969,0.0513824174122,28.1887207031,-0.00441204091675,-0.311279296875,-12.5905971527,-18.9926204681,-18.9926204681,-21,-15,0,1
1.441,13.982,30,30.5419921875,0.147173515192,28.1768554688,-0.00766439455697,-0.5419921875,-37.4753036499,-39.589138031,-39.8266448975,-40,-36,0,1
1.465,14.006,30,30.76171875,0.15974564758,28.17421875,-4.23509737857e-06,-0.76171875,-42.4852981567,-42.7969551086,-42.8010940552,-43,-47,0,1
1.489,14.03,30,30.9704589844,0.117100464496,28.17421875,-5.68434188608e-13,-0.970458984375,-42.2272338867,-41.3772659302,-41.1537971497,-41,-45,0,1
1.52,14.061,30,31.0473632813,0.0234677944709,28.1750976562,0.00323523903523,-1.04736328125,-32.5304718018,-28.1720371246,-27.3591136932,-27,-28,0,1
1.562,14.103,30,30.9484863281,-0.0701960075783,28.1799316406,0.00233261572407,-0.948486328125,-8.16205596924,-5.30971097946,-5.08128166199,-6,-3,0,1
1.594,14.135,30,30.7507324219,-0.101850247331,28.184765625,0.00188843208576,-0.750732421875,1.33261477947,1.95926129818,1.94448363781,1,0,0,1
1.626,14.167,30,30.5914306641,-0.0693469933274,28.184765625,2.76827449852e-11,-0.591430664062,1.61795032024,0.189098238945,0.189098238945,-1,0,0,1
1.654,14.195,30,30.5529785156,-0.0145395669031,28.1843261719,-7.99261613338e-07,-0.552978515625,-5.4294667244,-9.16973495483,-9.7086687088,-10,-5,0,1
1.681,14.222,30,30.5804443359,0.0302535137906,28.1834472656,-0.00109318306988,-0.580444335937,-15.5690059662,-18.2045288086,-18.7349891663,-20,-19,0,1
1.705,14.246,30,30.6463623047,0.0568566782089,28.1825683594,-0.00186319216476,-0.646362304688,-24.001367569,-25.2594814301,-25.2594814301,-26,-28,0,1
1.728,14.269,30,30.7452392578,0.0679139899644,28.1821289063,-4.52771042774e-05,-0.745239257812,-29.4688034058,-29.8405418396,-29.7602653503,-30,-29,0,1
1.766,14.307,30,30.849609375,0.0378491808806,28.1821289063,-1.70530256582e-13,-0.849609375,-27.5184402466,-25.7264785767,-25.382390976,-26,-22,0,1
1.796,14.337,30,30.8551025391,-0.00421067419563,28.1825683594,1.58165676112e-08,-0.855102539062,-18.1115474701,-16.6829166412,-16.2317657471,-16,-19,0,1
1.828,14.369,30,30.8111572266,-0.0274364859113,28.1830078125,1.33354660647e-10,-0.811157226562,-11.4475851059,-10.6135492325,-10.4019365311,-11,-8,0,1
1.856,14.397,30,30.7507324219,-0.0372286789072,28.1830078125,0,-0.750732421875,-8.56087684631,-8.41255474091,-8.40132713318,-9,-8,0,1
1.88,14.421,30,30.7122802734,-0.0239817649505,28.1830078125,0,-0.712280273438,-9.00085163116,-9.22468948364,-9.13365745544,-10,-12,0,1
1.905,14.446,30,30.6958007812,-0.00997639149216,28.1830078125,0,-0.69580078125,-11.3796281815,-12.0533285141,-12.0788812637,-13,-10,0,1
1.929,14.47,30,30.7067871094,0.00743558943248,28.1830078125,0,-0.706787109375,-15.5274438858,-15.7901277542,-16.0218601227,-17,-19,0,1
1.956,14.497,30,30.7232666016,0.0111830718095,28.1830078125,0,-0.723266601562,-17.1517295837,-17.3983001709,-17.4218616486,-18,-14,0,1
1.987,14.528,30,30.7397460938,0.0137242340942,28.1830078125,0,-0.73974609375,-17.4394721985,-17.6522483826,-17.6326198578,-18,-21,0,1
2.009,14.55,30,30.7507324219,0.0128046913917,28.1830078125,0,-0.750732421875,-16.8745117188,-17.0776901245,-16.8828716278,-17,-22,0,1
2.033,14.574,30,30.7507324219,0.000576102109335,28.1830078125,0,-0.750732421875,-16.2064247131,-15.3826169968,-15.3574104309,-16,-19,0,1
2.064,14.605,30,30.7452392578,-0.00128828546269,28.1830078125,0,-0.745239257812,-13.9326925278,-14.5142230988,-14.5142230988,-15,-14,0,1
2.089,14.63,30,30.7507324219,0.00299328726055,28.1830078125,0,-0.750732421875,-14.8852443695,-16.4264011383,-16.5256538391,-17,-15,0,1
2.116,14.657,30,30.7452392578,-0.00265779753761,28.1830078125,0,-0.745239257812,-14.7793722153,-14.2861185074,-14.1334943771,-15,-12,0,1
2.157,14.698,30,30.7507324219,0.0050345732742,28.1830078125,0,-0.750732421875,-15.3152265549,-15.6322498322,-15.8712491989,-17,-17,0,1
2.188,14.729,30,30.7507324219,0.00105234070031,28.1830078125,0,-0.750732421875,-15.327548027,-15.2217168808,-15.2117710114,-16,-19,0,1
2.219,14.76,30,30.7452392578,-0.000413605755057,28.1830078125,0,-0.745239257812,-14.6383638382,-14.8974313736,-14.9173650742,-15,-14,0,1
2.251,14.792,30,30.7507324219,0.00323309330849,28.1830078125,0,-0.750732421875,-16.0158882141,-15.9477863312,-15.5639772415,-16,-14,0,1
2.277,14.818,30,30.7452392578,-0.00601227245761,28.1830078125,0,-0.745239257812,-15.2770376205,-14.727063179,-14.5366630554,-15,-17,0,1
2.301,14.842,30,30.7452392578,-0.000741618552638,28.1830078125,0,-0.745239257812,-14.8499250412,-14.7669019699,-14.7996397018,-15,-14,0,1
2.326,14.867,30,30.7507324219,-0.00317856339052,28.1830078125,0,-0.750732421875,-14.9116020203,-15.8359165192,-15.7466440201,-16,-17,0,1
2.353,14.894,30,30.7452392578,-0.00404884944999,28.1830078125,0,-0.745239257812,-14.9083089828,-15.3676652908,-15.2885074615,-15,-14,0,1
2.38,14.921,30,30.7507324219,0.00680317743559,28.1830078125,0,-0.750732421875,-14.9859800339,-15.3408403397,-15.3408403397,-16,-14,0,1
2.41,14.951,30,30.7452392578,0.00688138031433,28.1830078125,0,-0.745239257812,-14.7392625809,-14.9592761993,-14.7539014816,-15,-14,0,1
2.437,14.978,30,30.7452392578,-0.00534231634572,28.1830078125,0,-0.745239257812,-15.4582843781,-15.4672393799,-15.4672393799,-16,-10,0,1
2.481,15.022,30,30.7452392578,-0.00184273484922,28.1830078125,0,-0.745239257812,-14.7290019989,-14.6179418564,-14.6579904556,-15,-10,0,1
2.513,15.054,30,30.7452392578,-0.00176498607323,28.1830078125,0,-0.745239257812,-14.8002853394,-15.4579944611,-15.4202365875,-16,-7,0,1
2.546,15.087,30,30.7507324219,0.00510624211131,28.1830078125,0,-0.750732421875,-15.521021843,-15.0040388107,-15.0040388107,-15,-14,0,1
2.572,15.113,30,30.7452392578,-0.00149999830694,28.1830078125,0,-0.745239257812,-14.9291601181,-14.6569070816,-14.4826164246,-15,-14,0,1
2.596,15.137,30,30.7452392578,-0.0027629771032,28.1830078125,0,-0.745239257812,-15.5588283539,-15.0539054871,-15.00785923,-16,-17,0,1
2.62,15.161,30,30.7452392578,-0.0042033989921,28.1830078125,0,-0.745239257812,-15.1453762054,-15.4348726273,-15.4348726273,-16,-19,0,1
2.655,15.196,30,30.7452392578,-0.00218195679236,28.1830078125,0,-0.745239257812,-14.792552948,-14.9209127426,-14.9420289993,-15,-10,0,1
2.687,15.228,30,30.7452392578,-0.00208656648601,28.1830078125,0,-0.745239257812,-14.8805303574,-15.7933702469,-15.6966876984,-16,-15,0,1
2.716,15.257,30,30.7452392578,0.00641212771575,28.1830078125,0,-0.745239257812,-15.458562851,-15.521771431,-15.2216901779,-16,-19,0,1
2.748,15.289,30,30.7507324219,0.00676958841655,28.1830078125,0,-0.750732421875,-14.5339317322,-14.7074251175,-14.7434644699,-15,-14,0,1
2.778,15.319,30,30.7452392578,-0.00225641541988,28.1830078125,0,-0.745239257812,-14.8647184372,-15.3648986816,-15.2922706604,-16,-17,0,1
2.81,15.351,30,30.7452392578,-0.00310755713508,28.1830078125,0,-0.745239257812,-14.937787056,-15.1824455261,-15.1431283951,-16,-17,0,1
2.843,15.384,30,30.7452392578,-0.00322206063368,28.1830078125,0,-0.745239257812,-14.9703121185,-15.2807998657,-15.231877327,-16,-15,0,1
2.869,15.41,30,30.7452392578,-0.00277485483468,28.1830078125,0,-0.745239257812,-15.2748451233,-15.3399524689,-15.2880039215,-16,-14,0,1
2.895,15.436,30,30.7452392578,-0.00485368931004,28.1830078125,0,-0.745239257812,-15.2254667282,-15.3626613617,-15.2638587952,-15,-10,0,1
2.918,15.459,30,30.7507324219,0.00569472513325,28.1830078125,0,-0.750732421875,-14.9388685226,-15.4650287628,-15.6846380234,-16,-12,0,1
2.95,15.491,30,30.7452392578,-0.00116727825366,28.1830078125,0,-0.745239257812,-14.4783592224,-15.0639982224,-15.0467567444,-16,-17,0,1
2.981,15.522,30,30.7452392578,-0.00293948059357,28.1830078125,0,-0.745239257812,-15.0260362625,-15.5389757156,-15.4937458038,-16,-19,0,1
3.012,15.553,30,30.7452392578,-0.00345679355473,28.1830078125,0,-0.745239257812,-14.6152248383,-15.572435379,-15.4830636978,-16,-14,0,1
3.045,15.586,30,30.7452392578,-0.00302314514579,28.1830078125,0,-0.745239257812,-15.3858795166,-15.3544740677,-15.0651369095,-16,-17,0,1
3.069,15.61,30,30.7452392578,-0.00255621446047,28.1830078125,0,-0.745239257812,-15.2537126541,-14.8530473709,-14.8530473709,-15,-12,0,1
3.095,15.636,30,30.7452392578,-0.00389538916977,28.1830078125,0,-0.745239257812,-15.2159490585,-14.9535121918,-14.9266395569,-16,-19,0,1
3.119,15.66,30,30.7452392578,0.00664083586423,28.1830078125,0,-0.745239257812,-14.856637001,-15.0941009521,-15.0927972794,-16,-14,0,1
3.147,15.688,30,30.7507324219,-0.00227743250036,28.1830078125,0,-0.750732421875,-14.8867053986,-15.029747963,-15.029747963,-16,-15,0,1
3.172,15.713,30,30.7452392578,-0.0036748537791,28.1830078125,0,-0.745239257812,-15.4910707474,-15.9843130112,-15.6423311234,-16,-19,0,1
3.195,15.736,30,30.7452392578,-0.00288143186208,28.1830078125,0,-0.745239257812,-15.4200782776,-15.0494337082,-15.0146446228,-15,-12,0,1
3.221,15.762,30,30.7507324219,0.00738952285428,28.1830078125,0,-0.750732421875,-14.8338689804,-15.2739477158,-15.2585487366,-16,-12,0,1
3.247,15.788,30,30.7452392578,0.00714972969206,28.1830078125,0,-0.745239257812,-14.9810533524,-15.3083152771,-15.5385408401,-16,-14,0,1
3.27,15.811,30,30.7507324219,0.00579187841106,28.1830078125,0,-0.750732421875,-15.1866292953,-15.2830400467,-15.0489187241,-15,-14,0,1
3.295,15.836,30,30.7452392578,-0.00229522053883,28.1830078125,0,-0.745239257812,-15.4816398621,-14.8123369217,-14.8952112198,-15,-19,0,1
3.318,15.859,30,30.7452392578,-0.00208803549947,28.1830078125,0,-0.745239257812,-15.1725244522,-14.9673442841,-15.271033287,-16,-22,0,1
3.352,15.893,30,30.7507324219,-0.00362464497402,28.1830078125,0,-0.750732421875,-14.9699516296,-15.1375007629,-15.4028234482,-16,-14,0,1
3.383,15.924,30,30.7507324219,-0.00344863718487,28.1830078125,0,-0.750732421875,-14.810418129,-14.9043245316,-14.9204549789,-15,-14,0,1
3.414,15.955,30,30.7507324219,0.0072021205782,28.1830078125,0,-0.750732421875,-14.9660158157,-15.1847295761,-15.1740407944,-16,-15,0,1
3.447,15.988,30,30.7507324219,0.00776129225096,28.1830078125,0,-0.750732421875,-15.2614030838,-15.3022222519,-15.0169000626,-15,-8,0,1
3.469,16.01,30,30.7452392578,-0.00345370344814,28.1830078125,0,-0.745239257812,-14.9176263809,-14.889509201,-15.1741456985,-16,-15,0,1
3.494,16.035,30,30.7507324219,-0.00252821529205,28.1830078125,0,-0.750732421875,-15.2380466461,-14.9542140961,-14.7224521637,-15,-17,0,1
3.518,16.059,30,30.7452392578,-0.00346271043281,28.1830078125,0,-0.745239257812,-14.8577756882,-15.2426729202,-15.1818637848,-16,-15,0,1
3.554,16.095,30,30.7507324219,0.0064177955029,28.1830078125,0,-0.750732421875,-14.7848558426,-14.9283952713,-15.2347593307,-16,-12,0,1
3.586,16.127,30,30.7507324219,-0.00308852583896,28.1830078125,0,-0.750732421875,-15.2818241119,-14.9434576035,-14.9492969513,-15,-14,0,1
3.617,16.158,30,30.7507324219,-0.0037613841879,28.1830078125,0,-0.750732421875,-14.8250246048,-15.1736040115,-15.1736040115,-16,-19,0,1
3.65,16.191,30,30.7452392578,-0.00231278196395,28.1830078125,0,-0.745239257812,-14.7094774246,-14.8530864716,-14.8477573395,-16,-17,0,1
3.675,16.216,30,30.7452392578,-0.00245949979569,28.1830078125,0,-0.745239257812,-14.9447536469,-15.4190502167,-15.3810033798,-16,-14,0,1
3.698,16.239,30,30.7452392578,-0.000962156697256,28.1830078125,0,-0.745239257812,-14.7653989792,-15.1347799301,-15.1347799301,-16,-21,0,1
3.721,16.262,30,30.7452392578,-0.00213734521878,28.1830078125,0,-0.745239257812,-15.1518297195,-14.8973007202,-15.1794700623,-16,-19,0,1
3.746,16.287,30,30.7507324219,0.00576215885189,28.1830078125,0,-0.750732421875,-15.0658941269,-15.4798612595,-15.4798612595,-16,-14,0,1
3.771,16.312,30,30.7507324219,-0.00401930784926,28.1830078125,0,-0.750732421875,-15.1531305313,-15.1212072372,-15.0819883347,-15,-14,0,1
3.796,16.337,30,30.7452392578,-0.00215264987935,28.1830078125,0,-0.745239257812,-15.0182409286,-15.0243272781,-14.99908638,-15,-19,0,1
3.821,16.362,30,30.7452392578,-0.00290176395151,28.1830078125,0,-0.745239257812,-15.0165433884,-14.9053449631,-14.9053449631,-15,-17,0,1
3.851,16.392,30,30.7452392578,-0.00235972368898,28.1830078125,0,-0.745239257812,-15.381269455,-14.7940797806,-14.8023481369,-15,-14,0,1
3.881,16.422,30,30.7452392578,0.00781483008006,28.1830078125,0,-0.745239257812,-14.7069168091,-14.7134695053,-14.7134695053,-16,-15,0,1
3.913,16.454,30,30.7452392578,0.00631286730925,28.1830078125,0,-0.745239257812,-15.4589118958,-15.6741371155,-15.3710603714,-16,-14,0,1
3.945,16.486,30,30.7452392578,-0.00165670788158,28.1830078125,0,-0.745239257812,-15.0900125504,-15.052397728,-15.0216560364,-16,-17,0,1
3.97,16.511,30,30.7507324219,-0.00372775382857,28.1830078125,0,-0.750732421875,-15.6484966278,-14.9041128159,-15.186009407,-16,-17,0,1
